GDNAKGOC_00001	30	1398
GDNAKGOC_00002	1575	2706
GDNAKGOC_00003	2930	3155
GDNAKGOC_00004	3154	4282
GDNAKGOC_00005	4282	6247
GDNAKGOC_00006	6257	8732
GDNAKGOC_00007	8932	9229
GDNAKGOC_00008	9262	9793
GDNAKGOC_00009	9821	10058
GDNAKGOC_00010	10236	12258
GDNAKGOC_00011	12270	12726
GDNAKGOC_00012	12751	14146
GDNAKGOC_00013	14387	15329
GDNAKGOC_00014	15432	16362
GDNAKGOC_00015	16386	17361
GDNAKGOC_00016	17506	17695
GDNAKGOC_00017	17746	18007
GDNAKGOC_00018	18056	19283
GDNAKGOC_00020	19853	20474
GDNAKGOC_00021	20490	20844
GDNAKGOC_00022	21323	22274
GDNAKGOC_00023	22410	22722
GDNAKGOC_00024	22721	23798
GDNAKGOC_00025	23794	24325
GDNAKGOC_00026	24510	25452
GDNAKGOC_00027	25672	25864
GDNAKGOC_00028	25927	27163
GDNAKGOC_00029	27423	27639
GDNAKGOC_00030	27642	28044
GDNAKGOC_00031	28174	28399
GDNAKGOC_00032	28401	28596
GDNAKGOC_00033	28688	28952
GDNAKGOC_00034	29357	30182
GDNAKGOC_00035	30347	31748
GDNAKGOC_00036	31915	33223
GDNAKGOC_00037	33319	34117
GDNAKGOC_00038	34135	34699
GDNAKGOC_00039	34698	35223
GDNAKGOC_00040	35226	35490
GDNAKGOC_00041	35641	37876
GDNAKGOC_00042	38123	39164
GDNAKGOC_00043	39160	39733
GDNAKGOC_00044	39768	39951
GDNAKGOC_00045	40180	41515
GDNAKGOC_00046	41633	41990
GDNAKGOC_00047	42201	42963
GDNAKGOC_00048	42959	43856
GDNAKGOC_00049	43852	44845
GDNAKGOC_00050	45193	45907
GDNAKGOC_00051	45975	47895
GDNAKGOC_00052	48015	48834
GDNAKGOC_00053	48868	49066
GDNAKGOC_00054	49011	49725
GDNAKGOC_00055	49706	49916
GDNAKGOC_00056	50078	51092
GDNAKGOC_00057	51695	52523
GDNAKGOC_00058	52582	54025
GDNAKGOC_00059	54085	56920
GDNAKGOC_00060	56948	58073
GDNAKGOC_00061	58260	58674
GDNAKGOC_00066	64664	65087
GDNAKGOC_00067	65296	65641
GDNAKGOC_00068	65955	67146
GDNAKGOC_00069	67175	67817
GDNAKGOC_00070	67977	68208
GDNAKGOC_00071	68303	69173
GDNAKGOC_00072	69169	70117
GDNAKGOC_00073	70129	71086
GDNAKGOC_00074	71115	71952
GDNAKGOC_00075	72595	73354
GDNAKGOC_00076	73482	73941
GDNAKGOC_00077	74378	75971
GDNAKGOC_00078	75972	77565
GDNAKGOC_00079	77541	79248
GDNAKGOC_00082	79912	80629
GDNAKGOC_00083	80697	82554
GDNAKGOC_00084	82543	83893
GDNAKGOC_00085	83893	84718
GDNAKGOC_00086	84726	85524
GDNAKGOC_00087	85602	86841
GDNAKGOC_00088	87311	87791
GDNAKGOC_00089	87842	88658
GDNAKGOC_00090	88839	89115
GDNAKGOC_00091	89157	90615
GDNAKGOC_00092	91029	91185
GDNAKGOC_00093	91250	91940
GDNAKGOC_00094	91986	92868
GDNAKGOC_00095	92876	93530
GDNAKGOC_00096	93532	94882
GDNAKGOC_00097	95027	95969
GDNAKGOC_00098	96006	96903
GDNAKGOC_00099	96919	97480
GDNAKGOC_00100	97578	98685
GDNAKGOC_00101	98874	99276
GDNAKGOC_00102	99285	101043
GDNAKGOC_00103	101103	101244
GDNAKGOC_00104	101345	102206
GDNAKGOC_00105	102198	102348
GDNAKGOC_00106	102344	102815
GDNAKGOC_00107	102765	103653
GDNAKGOC_00108	103667	104792
GDNAKGOC_00109	104859	105507
GDNAKGOC_00110	105573	106425
GDNAKGOC_00111	106518	107448
GDNAKGOC_00112	107524	108280
GDNAKGOC_00113	108279	109893
GDNAKGOC_00114	110224	110857
GDNAKGOC_00115	110924	111284
GDNAKGOC_00116	111330	112119
GDNAKGOC_00117	112682	113387
GDNAKGOC_00118	113476	113956
GDNAKGOC_00119	113959	115417
GDNAKGOC_00120	115438	116365
GDNAKGOC_00121	116458	117205
GDNAKGOC_00122	117248	118190
GDNAKGOC_00123	118379	119195
GDNAKGOC_00124	119207	119864
GDNAKGOC_00125	119981	120791
GDNAKGOC_00126	120890	121307
GDNAKGOC_00127	121537	122779
GDNAKGOC_00128	122923	123202
GDNAKGOC_00129	123258	123537
GDNAKGOC_00130	123678	124131
GDNAKGOC_00131	124217	125204
GDNAKGOC_00132	125362	126046
GDNAKGOC_00133	126058	126883
GDNAKGOC_00134	127009	128485
GDNAKGOC_00135	128477	129215
GDNAKGOC_00136	129260	130499
GDNAKGOC_00137	130651	131734
GDNAKGOC_00138	131763	132504
GDNAKGOC_00139	132594	133728
GDNAKGOC_00140	133724	134510
GDNAKGOC_00141	134481	135303
GDNAKGOC_00142	135727	138742
GDNAKGOC_00143	138897	140052
GDNAKGOC_00144	140421	140898
GDNAKGOC_00145	141013	141502
GDNAKGOC_00146	141522	142326
GDNAKGOC_00147	142475	142961
GDNAKGOC_00148	143305	144235
GDNAKGOC_00149	144260	145034
GDNAKGOC_00150	145033	145831
GDNAKGOC_00151	145830	146643
GDNAKGOC_00152	146690	147263
GDNAKGOC_00153	147413	147899
GDNAKGOC_00154	147954	149352
GDNAKGOC_00155	149467	151417
GDNAKGOC_00156	151438	152707
GDNAKGOC_00157	152885	155081
GDNAKGOC_00158	155064	155778
GDNAKGOC_00159	155834	156398
GDNAKGOC_00160	156397	157609
GDNAKGOC_00161	157715	158933
GDNAKGOC_00162	159006	160959
GDNAKGOC_00163	161202	163041
GDNAKGOC_00164	163012	163156
GDNAKGOC_00165	163670	164081
GDNAKGOC_00166	164183	164633
GDNAKGOC_00167	165276	166611
GDNAKGOC_00168	166685	167051
GDNAKGOC_00169	167016	168378
GDNAKGOC_00170	168377	169475
GDNAKGOC_00171	169583	170957
GDNAKGOC_00172	171320	172550
GDNAKGOC_00173	172568	173663
GDNAKGOC_00174	173786	175622
GDNAKGOC_00175	175711	176677
GDNAKGOC_00176	176688	177483
GDNAKGOC_00177	177557	178319
GDNAKGOC_00178	178484	179177
GDNAKGOC_00179	179394	179997
GDNAKGOC_00180	180060	180621
GDNAKGOC_00181	180722	181826
GDNAKGOC_00182	181825	182443
GDNAKGOC_00183	182485	185476
GDNAKGOC_00184	185576	186968
GDNAKGOC_00185	187221	188484
GDNAKGOC_00186	188591	188948
GDNAKGOC_00188	189151	190465
GDNAKGOC_00189	190464	191118
GDNAKGOC_00190	191287	192913
GDNAKGOC_00191	192992	194621
GDNAKGOC_00192	194768	195911
GDNAKGOC_00193	196072	197002
GDNAKGOC_00194	197009	198041
GDNAKGOC_00195	198056	199115
GDNAKGOC_00196	199135	200080
GDNAKGOC_00197	200132	201449
GDNAKGOC_00198	201592	202018
GDNAKGOC_00199	202232	202694
GDNAKGOC_00200	202771	203434
GDNAKGOC_00202	203600	204200
GDNAKGOC_00203	204305	205328
GDNAKGOC_00204	205351	205831
GDNAKGOC_00205	205811	206429
GDNAKGOC_00206	206718	209382
GDNAKGOC_00207	209478	211455
GDNAKGOC_00208	211454	212222
GDNAKGOC_00209	212208	212796
GDNAKGOC_00210	212785	213670
GDNAKGOC_00211	213731	213989
GDNAKGOC_00212	214092	214923
GDNAKGOC_00213	214970	216350
GDNAKGOC_00214	216569	217088
GDNAKGOC_00215	217154	217655
GDNAKGOC_00216	217765	218614
GDNAKGOC_00217	218743	220429
GDNAKGOC_00218	220708	221683
GDNAKGOC_00219	221734	223162
GDNAKGOC_00220	223291	224008
GDNAKGOC_00221	224195	225521
GDNAKGOC_00222	225590	226499
GDNAKGOC_00223	226548	226830
GDNAKGOC_00224	226859	228224
GDNAKGOC_00225	228339	228744
GDNAKGOC_00226	228790	229345
GDNAKGOC_00227	229462	231082
GDNAKGOC_00228	231211	232507
GDNAKGOC_00229	232589	233174
GDNAKGOC_00230	233170	234013
GDNAKGOC_00231	234088	234910
GDNAKGOC_00232	234978	235590
GDNAKGOC_00233	235683	236964
GDNAKGOC_00234	236971	237550
GDNAKGOC_00235	237781	238552
GDNAKGOC_00236	238635	239601
GDNAKGOC_00237	239825	241376
GDNAKGOC_00238	241929	242784
GDNAKGOC_00239	242783	243650
GDNAKGOC_00240	243639	244092
GDNAKGOC_00241	244093	244489
GDNAKGOC_00242	244510	245014
GDNAKGOC_00243	245070	245211
GDNAKGOC_00244	245347	246052
GDNAKGOC_00245	246054	246603
GDNAKGOC_00246	246891	247116
GDNAKGOC_00247	247509	247728
GDNAKGOC_00248	247727	248189
GDNAKGOC_00249	248284	248467
GDNAKGOC_00250	248536	248731
GDNAKGOC_00251	248786	249302
GDNAKGOC_00252	249428	249746
GDNAKGOC_00253	250072	250354
GDNAKGOC_00254	250410	251646
GDNAKGOC_00255	251737	253330
GDNAKGOC_00256	253370	254201
GDNAKGOC_00257	254318	255938
GDNAKGOC_00258	256047	256293
GDNAKGOC_00259	256419	257787
GDNAKGOC_00260	257800	259288
GDNAKGOC_00261	259368	259725
GDNAKGOC_00262	259724	260855
GDNAKGOC_00263	260915	261623
GDNAKGOC_00264	261798	262770
GDNAKGOC_00265	262904	263462
GDNAKGOC_00266	263463	266961
GDNAKGOC_00267	266977	267220
GDNAKGOC_00268	267304	267682
GDNAKGOC_00269	267681	268044
GDNAKGOC_00270	268086	269343
GDNAKGOC_00271	269438	271595
GDNAKGOC_00272	271651	272542
GDNAKGOC_00273	272621	273647
GDNAKGOC_00274	273662	275213
GDNAKGOC_00278	275806	276262
GDNAKGOC_00279	276366	278844
GDNAKGOC_00280	279064	282706
GDNAKGOC_00281	282721	286375
GDNAKGOC_00282	286425	287115
GDNAKGOC_00283	287287	287695
GDNAKGOC_00284	287710	288181
GDNAKGOC_00285	288214	290308
GDNAKGOC_00286	290627	290936
GDNAKGOC_00287	290959	291598
GDNAKGOC_00288	291612	292230
GDNAKGOC_00289	292229	292532
GDNAKGOC_00290	292547	293384
GDNAKGOC_00291	293402	293567
GDNAKGOC_00292	293706	294060
GDNAKGOC_00293	294073	294748
GDNAKGOC_00294	294747	295188
GDNAKGOC_00295	295177	295375
GDNAKGOC_00296	295393	295660
GDNAKGOC_00297	295691	296060
GDNAKGOC_00298	296079	296313
GDNAKGOC_00299	296327	296870
GDNAKGOC_00300	296882	297068
GDNAKGOC_00301	297093	297492
GDNAKGOC_00302	297516	298047
GDNAKGOC_00303	298073	298430
GDNAKGOC_00304	298447	298954
GDNAKGOC_00305	298971	299157
GDNAKGOC_00306	299180	299621
GDNAKGOC_00307	299620	300916
GDNAKGOC_00308	300927	301584
GDNAKGOC_00309	301655	301877
GDNAKGOC_00310	301893	302010
GDNAKGOC_00311	302034	302385
GDNAKGOC_00312	302409	302799
GDNAKGOC_00313	302847	303786
GDNAKGOC_00314	303810	304194
GDNAKGOC_00315	304385	305237
GDNAKGOC_00316	305212	306070
GDNAKGOC_00317	306062	306860
GDNAKGOC_00318	306862	307651
GDNAKGOC_00319	307755	308199
GDNAKGOC_00320	308210	308606
GDNAKGOC_00321	308675	309728
GDNAKGOC_00322	309804	309993
GDNAKGOC_00323	310052	311153
GDNAKGOC_00324	311337	311868
GDNAKGOC_00325	311864	312941
GDNAKGOC_00326	312940	313252
GDNAKGOC_00327	313424	314309
GDNAKGOC_00328	314370	317178
GDNAKGOC_00329	317177	317549
GDNAKGOC_00330	317587	317818
GDNAKGOC_00331	318098	318239
GDNAKGOC_00332	318449	319034
GDNAKGOC_00333	319079	319739
GDNAKGOC_00334	319812	320571
GDNAKGOC_00335	320610	321291
GDNAKGOC_00336	321352	322252
GDNAKGOC_00337	322260	322443
GDNAKGOC_00338	322681	323122
GDNAKGOC_00339	323226	324162
GDNAKGOC_00340	324212	325562
GDNAKGOC_00341	325632	325929
GDNAKGOC_00342	326060	326612
GDNAKGOC_00343	326611	327988
GDNAKGOC_00344	328065	329565
GDNAKGOC_00345	329662	331096
GDNAKGOC_00346	331088	331532
GDNAKGOC_00347	331518	332271
GDNAKGOC_00348	332410	332947
GDNAKGOC_00349	333045	333264
GDNAKGOC_00350	333402	334011
GDNAKGOC_00351	334012	335497
GDNAKGOC_00352	335493	336375
GDNAKGOC_00353	336497	338240
GDNAKGOC_00354	338585	338753
GDNAKGOC_00355	338866	339424
GDNAKGOC_00356	339550	339976
GDNAKGOC_00357	340055	340748
GDNAKGOC_00358	340851	341718
GDNAKGOC_00359	341721	342717
GDNAKGOC_00360	342719	343607
GDNAKGOC_00361	343615	344410
GDNAKGOC_00362	344411	345167
GDNAKGOC_00363	345183	345861
GDNAKGOC_00364	346043	347225
GDNAKGOC_00365	347377	347653
GDNAKGOC_00366	347906	348419
GDNAKGOC_00367	348468	348831
GDNAKGOC_00368	348916	349720
GDNAKGOC_00369	349753	350374
GDNAKGOC_00370	350508	350745
GDNAKGOC_00371	350777	351284
GDNAKGOC_00372	351478	353269
GDNAKGOC_00373	353446	354604
GDNAKGOC_00374	354801	355137
GDNAKGOC_00375	355137	355737
GDNAKGOC_00376	355736	355976
GDNAKGOC_00377	356077	356728
GDNAKGOC_00378	356728	357049
GDNAKGOC_00379	357049	357907
GDNAKGOC_00380	357897	358269
GDNAKGOC_00381	358268	359123
GDNAKGOC_00382	359125	359863
GDNAKGOC_00383	359910	360429
GDNAKGOC_00384	360456	361191
GDNAKGOC_00385	361174	361747
GDNAKGOC_00386	361743	362793
GDNAKGOC_00387	362930	363644
GDNAKGOC_00388	363653	364625
GDNAKGOC_00389	364617	365328
GDNAKGOC_00390	365376	366564
GDNAKGOC_00391	366635	367973
GDNAKGOC_00392	367972	369739
GDNAKGOC_00393	369861	371781
GDNAKGOC_00394	371964	372600
GDNAKGOC_00395	372647	373634
GDNAKGOC_00396	373650	375108
GDNAKGOC_00397	375342	377292
GDNAKGOC_00398	377410	377911
GDNAKGOC_00399	378016	378472
GDNAKGOC_00400	378471	379230
GDNAKGOC_00401	379397	379682
GDNAKGOC_00402	379704	381333
GDNAKGOC_00403	381459	384054
GDNAKGOC_00404	384056	385952
GDNAKGOC_00405	385951	386539
GDNAKGOC_00406	386583	387600
GDNAKGOC_00407	387658	388060
GDNAKGOC_00408	388166	389618
GDNAKGOC_00409	389670	390732
GDNAKGOC_00410	390794	391751
GDNAKGOC_00411	391743	393105
GDNAKGOC_00412	393346	395986
GDNAKGOC_00413	396046	396304
GDNAKGOC_00414	396303	396732
GDNAKGOC_00415	396733	397045
GDNAKGOC_00416	397103	399461
GDNAKGOC_00417	399538	399850
GDNAKGOC_00418	399893	400268
GDNAKGOC_00419	400373	400784
GDNAKGOC_00420	400873	401677
GDNAKGOC_00421	401676	402285
GDNAKGOC_00422	402334	402859
GDNAKGOC_00423	403049	403187
GDNAKGOC_00424	403293	403719
GDNAKGOC_00425	403736	404105
GDNAKGOC_00426	404157	405264
GDNAKGOC_00427	405408	406410
GDNAKGOC_00428	406444	407812
GDNAKGOC_00429	407910	408231
GDNAKGOC_00430	408246	409629
GDNAKGOC_00431	409621	410230
GDNAKGOC_00432	410229	411006
GDNAKGOC_00433	411002	411611
GDNAKGOC_00434	411620	412271
GDNAKGOC_00435	412280	413105
GDNAKGOC_00457	420437	420860
GDNAKGOC_00458	420859	423454
GDNAKGOC_00459	423466	423751
GDNAKGOC_00471	425057	426221
GDNAKGOC_00472	426235	427279
GDNAKGOC_00473	427278	428304
GDNAKGOC_00474	428375	430436
GDNAKGOC_00475	430503	430737
GDNAKGOC_00476	430807	433156
GDNAKGOC_00477	433167	433623
GDNAKGOC_00482	439491	440502
GDNAKGOC_00483	440520	441330
GDNAKGOC_00484	441358	442282
GDNAKGOC_00485	442288	442657
GDNAKGOC_00486	442702	443614
GDNAKGOC_00487	443766	444219
GDNAKGOC_00488	444246	445620
GDNAKGOC_00489	445912	448543
GDNAKGOC_00490	448724	450536
GDNAKGOC_00491	450870	452064
GDNAKGOC_00492	452164	452896
GDNAKGOC_00493	453001	453412
GDNAKGOC_00494	453491	455150
GDNAKGOC_00495	455357	457178
GDNAKGOC_00496	457182	458511
GDNAKGOC_00497	458522	460754
GDNAKGOC_00498	460787	461165
GDNAKGOC_00499	461383	462634
GDNAKGOC_00500	462686	463445
GDNAKGOC_00502	463879	468349
GDNAKGOC_00503	468351	470100
GDNAKGOC_00504	470104	470974
GDNAKGOC_00505	471075	471759
GDNAKGOC_00506	471807	472440
GDNAKGOC_00507	472758	473094
GDNAKGOC_00508	473260	474388
GDNAKGOC_00509	474518	474932
GDNAKGOC_00510	475075	476128
GDNAKGOC_00511	476108	476306
GDNAKGOC_00512	476392	477595
GDNAKGOC_00513	477763	478159
GDNAKGOC_00514	478245	478452
GDNAKGOC_00515	478564	478951
GDNAKGOC_00516	478996	479866
GDNAKGOC_00517	479954	480071
GDNAKGOC_00518	480309	481647
GDNAKGOC_00519	481646	482540
GDNAKGOC_00520	482877	483573
GDNAKGOC_00521	483724	484792
GDNAKGOC_00522	484816	485398
GDNAKGOC_00523	485398	485971
GDNAKGOC_00524	486056	486716
GDNAKGOC_00525	486724	487024
GDNAKGOC_00526	487228	487441
GDNAKGOC_00527	487515	488493
GDNAKGOC_00528	488691	489987
GDNAKGOC_00529	490007	490892
GDNAKGOC_00530	490884	491742
GDNAKGOC_00531	491741	493034
GDNAKGOC_00532	493045	494152
GDNAKGOC_00533	494278	495721
GDNAKGOC_00534	496392	496809
GDNAKGOC_00536	497647	498691
GDNAKGOC_00537	498964	500464
GDNAKGOC_00540	500980	502096
GDNAKGOC_00541	502189	502891
GDNAKGOC_00542	502926	503313
GDNAKGOC_00543	503442	504171
GDNAKGOC_00544	504180	505272
GDNAKGOC_00545	505363	506842
GDNAKGOC_00546	506838	507669
GDNAKGOC_00547	507860	510533
GDNAKGOC_00548	510623	511778
GDNAKGOC_00549	511782	513213
GDNAKGOC_00550	513215	513914
GDNAKGOC_00551	513910	514372
GDNAKGOC_00553	514616	515264
GDNAKGOC_00554	515351	517592
GDNAKGOC_00555	517624	519631
GDNAKGOC_00556	519645	520794
GDNAKGOC_00557	520805	521114
GDNAKGOC_00558	521113	522553
GDNAKGOC_00559	522557	523988
GDNAKGOC_00560	524013	524934
GDNAKGOC_00561	525004	525283
GDNAKGOC_00562	525239	525710
GDNAKGOC_00563	525851	526193
GDNAKGOC_00564	526228	527605
GDNAKGOC_00565	527970	529323
GDNAKGOC_00566	529661	529850
GDNAKGOC_00567	529849	530209
GDNAKGOC_00568	530432	532334
GDNAKGOC_00569	532359	532590
GDNAKGOC_00570	532589	533132
GDNAKGOC_00571	533151	533787
GDNAKGOC_00572	533868	534456
GDNAKGOC_00573	534468	534840
GDNAKGOC_00574	534827	535175
GDNAKGOC_00575	535199	536216
GDNAKGOC_00576	536233	536767
GDNAKGOC_00577	536759	537689
GDNAKGOC_00578	538337	538838
GDNAKGOC_00583	539328	540795
GDNAKGOC_00584	540835	541594
GDNAKGOC_00585	541604	542117
GDNAKGOC_00586	542225	543998
GDNAKGOC_00587	544624	545062
GDNAKGOC_00588	545264	546101
GDNAKGOC_00589	546295	546943
GDNAKGOC_00590	546979	547714
GDNAKGOC_00591	547921	549256
GDNAKGOC_00592	549267	549798
GDNAKGOC_00593	549999	550512
GDNAKGOC_00594	550478	550790
GDNAKGOC_00595	550971	552387
GDNAKGOC_00596	552409	553615
GDNAKGOC_00597	553715	554654
GDNAKGOC_00598	554690	555773
GDNAKGOC_00599	555866	557492
GDNAKGOC_00600	557590	558367
GDNAKGOC_00601	558431	559250
GDNAKGOC_00602	559432	559891
GDNAKGOC_00603	559890	561621
GDNAKGOC_00604	561620	563390
GDNAKGOC_00605	563557	564136
GDNAKGOC_00606	564180	564810
GDNAKGOC_00607	565474	566215
GDNAKGOC_00608	566228	567047
GDNAKGOC_00609	567046	567688
GDNAKGOC_00610	567702	568359
GDNAKGOC_00611	568437	569358
GDNAKGOC_00612	569354	569798
GDNAKGOC_00613	569960	571259
GDNAKGOC_00614	571418	572222
GDNAKGOC_00615	572308	573232
GDNAKGOC_00616	573232	573925
GDNAKGOC_00617	574076	576092
GDNAKGOC_00618	576205	577132
GDNAKGOC_00619	577134	577860
GDNAKGOC_00620	577917	578142
GDNAKGOC_00621	578165	578798
GDNAKGOC_00622	578841	580458
GDNAKGOC_00623	580502	581321
GDNAKGOC_00624	581450	581891
GDNAKGOC_00625	581969	583727
GDNAKGOC_00626	583831	584188
GDNAKGOC_00627	584193	584958
GDNAKGOC_00628	585251	587651
GDNAKGOC_00629	587712	588561
GDNAKGOC_00630	588700	589972
GDNAKGOC_00631	589977	590775
GDNAKGOC_00632	590856	592050
GDNAKGOC_00633	592202	593012
GDNAKGOC_00634	593542	595423
GDNAKGOC_00635	595484	596297
GDNAKGOC_00636	596280	596778
GDNAKGOC_00637	596798	597284
GDNAKGOC_00638	597408	597675
GDNAKGOC_00639	597709	598366
GDNAKGOC_00640	598460	599813
GDNAKGOC_00641	599921	600491
GDNAKGOC_00642	600544	601927
GDNAKGOC_00643	601980	603285
GDNAKGOC_00644	603390	604095
GDNAKGOC_00645	604094	605333
GDNAKGOC_00646	605329	606655
GDNAKGOC_00648	607120	608263
GDNAKGOC_00649	608275	608800
GDNAKGOC_00650	608792	609239
GDNAKGOC_00651	609382	610210
GDNAKGOC_00652	610218	611145
GDNAKGOC_00653	611204	612107
GDNAKGOC_00654	612216	613374
GDNAKGOC_00655	613373	614585
GDNAKGOC_00656	614585	615749
GDNAKGOC_00657	615783	616068
GDNAKGOC_00658	616201	617119
GDNAKGOC_00659	617542	618925
GDNAKGOC_00660	619050	619863
GDNAKGOC_00661	619872	620349
GDNAKGOC_00662	620351	620813
GDNAKGOC_00663	620917	621781
GDNAKGOC_00664	621780	623352
GDNAKGOC_00665	623416	623698
GDNAKGOC_00666	623868	626055
GDNAKGOC_00667	626543	626810
GDNAKGOC_00668	626809	628543
GDNAKGOC_00669	628753	629152
GDNAKGOC_00670	629296	630037
GDNAKGOC_00671	630105	630984
GDNAKGOC_00672	630980	631601
GDNAKGOC_00673	631680	632295
GDNAKGOC_00674	632371	633004
GDNAKGOC_00675	633000	633804
GDNAKGOC_00676	633796	634699
GDNAKGOC_00677	634805	636581
GDNAKGOC_00678	636607	637300
GDNAKGOC_00679	637392	638421
GDNAKGOC_00680	638577	641337
GDNAKGOC_00681	641406	641787
GDNAKGOC_00682	641802	642990
GDNAKGOC_00683	643052	643607
GDNAKGOC_00684	643608	643998
GDNAKGOC_00685	644020	646456
GDNAKGOC_00686	646442	647657
GDNAKGOC_00687	647653	648907
GDNAKGOC_00688	648911	649640
GDNAKGOC_00689	649707	650832
GDNAKGOC_00690	650854	651415
GDNAKGOC_00691	651591	652683
GDNAKGOC_00692	652800	654432
GDNAKGOC_00693	654532	655702
GDNAKGOC_00694	655727	656390
GDNAKGOC_00695	656432	657716
GDNAKGOC_00696	657712	658408
GDNAKGOC_00697	658490	659033
GDNAKGOC_00698	659171	661571
GDNAKGOC_00699	661747	662746
GDNAKGOC_00700	662753	663029
GDNAKGOC_00701	663044	664013
GDNAKGOC_00702	664005	664845
GDNAKGOC_00703	664884	665904
GDNAKGOC_00704	665980	666907
GDNAKGOC_00705	667084	669001
GDNAKGOC_00706	669016	670162
GDNAKGOC_00707	670151	671294
GDNAKGOC_00708	671303	672734
GDNAKGOC_00709	672752	675164
GDNAKGOC_00710	675163	676933
GDNAKGOC_00711	677051	678776
GDNAKGOC_00712	678878	680930
GDNAKGOC_00713	680916	683757
GDNAKGOC_00714	683819	684362
GDNAKGOC_00715	684443	685325
GDNAKGOC_00716	685334	686378
GDNAKGOC_00717	686370	687306
GDNAKGOC_00718	687345	687933
GDNAKGOC_00719	688120	689752
GDNAKGOC_00720	689812	691249
GDNAKGOC_00722	691862	692894
GDNAKGOC_00723	692947	693964
GDNAKGOC_00724	694077	695289
GDNAKGOC_00725	695314	696073
GDNAKGOC_00726	696390	696912
GDNAKGOC_00727	696924	697800
GDNAKGOC_00728	697867	698566
GDNAKGOC_00729	698577	699567
GDNAKGOC_00730	699566	700046
GDNAKGOC_00731	700120	700654
GDNAKGOC_00732	700749	701646
GDNAKGOC_00733	701704	702802
GDNAKGOC_00734	702791	703604
GDNAKGOC_00735	703600	704416
GDNAKGOC_00736	704412	705486
GDNAKGOC_00737	705522	706365
GDNAKGOC_00738	706346	707321
GDNAKGOC_00739	707352	708711
GDNAKGOC_00740	708810	709626
GDNAKGOC_00741	709659	710445
GDNAKGOC_00742	710538	711255
GDNAKGOC_00743	711258	711717
GDNAKGOC_00744	711740	712877
GDNAKGOC_00745	713106	713949
GDNAKGOC_00746	714073	716065
GDNAKGOC_00747	716146	717622
GDNAKGOC_00748	717750	718698
GDNAKGOC_00749	718752	720378
GDNAKGOC_00750	720641	720743
GDNAKGOC_00751	720752	720938
GDNAKGOC_00752	721102	721618
GDNAKGOC_00753	721707	722436
GDNAKGOC_00754	722561	723536
GDNAKGOC_00755	723501	724506
GDNAKGOC_00756	724518	724878
GDNAKGOC_00757	724843	725272
GDNAKGOC_00758	725292	725538
GDNAKGOC_00759	725497	726061
GDNAKGOC_00760	726234	727236
GDNAKGOC_00761	727276	728461
GDNAKGOC_00763	729094	729985
GDNAKGOC_00764	730073	730979
GDNAKGOC_00765	730951	731155
GDNAKGOC_00766	731223	732189
GDNAKGOC_00767	732223	732616
GDNAKGOC_00768	732615	733338
GDNAKGOC_00769	733340	734792
GDNAKGOC_00770	734916	735291
GDNAKGOC_00771	735236	735980
GDNAKGOC_00772	736013	738191
GDNAKGOC_00773	738332	738935
GDNAKGOC_00774	739021	740359
GDNAKGOC_00775	740472	741861
GDNAKGOC_00776	741941	742955
GDNAKGOC_00779	743528	743900
GDNAKGOC_00780	745462	746959
GDNAKGOC_00781	747076	747313
GDNAKGOC_00782	747373	747598
GDNAKGOC_00783	747601	747985
GDNAKGOC_00784	747988	748207
GDNAKGOC_00785	748199	748406
GDNAKGOC_00786	748540	749092
GDNAKGOC_00787	749257	750328
GDNAKGOC_00788	750575	751928
GDNAKGOC_00789	752075	752675
GDNAKGOC_00790	752690	753776
GDNAKGOC_00791	753768	754611
GDNAKGOC_00792	754607	755612
GDNAKGOC_00793	755698	756328
GDNAKGOC_00794	756450	757164
GDNAKGOC_00795	757184	757418
GDNAKGOC_00796	757474	757984
GDNAKGOC_00797	757983	758532
GDNAKGOC_00798	758546	760058
GDNAKGOC_00799	760068	761031
GDNAKGOC_00800	761053	762493
GDNAKGOC_00801	762504	762945
GDNAKGOC_00802	763014	763245
GDNAKGOC_00803	763328	764318
GDNAKGOC_00804	764331	764625
GDNAKGOC_00805	764633	764861
GDNAKGOC_00806	764882	766076
GDNAKGOC_00807	766142	766607
GDNAKGOC_00808	766668	766950
GDNAKGOC_00809	767248	768568
GDNAKGOC_00810	768570	769038
GDNAKGOC_00811	769128	769740
GDNAKGOC_00812	770021	771734
GDNAKGOC_00813	771821	772982
GDNAKGOC_00814	772981	774199
GDNAKGOC_00815	774245	774956
GDNAKGOC_00816	776255	778895
GDNAKGOC_00817	778895	780167
GDNAKGOC_00818	780156	780834
GDNAKGOC_00819	780870	781494
GDNAKGOC_00820	781589	782594
GDNAKGOC_00821	782639	783491
GDNAKGOC_00822	783490	784030
GDNAKGOC_00823	784068	784203
GDNAKGOC_00824	784294	784624
GDNAKGOC_00825	784792	785224
GDNAKGOC_00826	785232	786180
GDNAKGOC_00827	786193	786556
GDNAKGOC_00828	786555	788718
GDNAKGOC_00829	788724	789693
GDNAKGOC_00830	789696	791076
GDNAKGOC_00831	791078	792185
GDNAKGOC_00832	792202	793060
GDNAKGOC_00833	793120	794473
GDNAKGOC_00834	794487	795846
GDNAKGOC_00835	795864	796302
GDNAKGOC_00836	796301	796580
GDNAKGOC_00837	796604	797405
GDNAKGOC_00838	797380	798184
GDNAKGOC_00839	798406	801190
GDNAKGOC_00840	801189	801393
GDNAKGOC_00841	801411	801981
GDNAKGOC_00842	801982	802297
GDNAKGOC_00843	802316	803012
GDNAKGOC_00844	803151	803493
GDNAKGOC_00845	803500	804628
GDNAKGOC_00846	804717	805377
GDNAKGOC_00847	805376	806021
GDNAKGOC_00848	806020	808375
GDNAKGOC_00849	808476	810117
GDNAKGOC_00850	810147	811095
GDNAKGOC_00851	811147	812827
GDNAKGOC_00852	812833	813055
GDNAKGOC_00853	813397	813952
GDNAKGOC_00854	814205	816050
GDNAKGOC_00855	816102	817335
GDNAKGOC_00856	817331	817676
GDNAKGOC_00857	817672	818224
GDNAKGOC_00858	818223	818709
GDNAKGOC_00859	818701	819742
GDNAKGOC_00860	819797	820481
GDNAKGOC_00861	820449	822738
GDNAKGOC_00862	822734	823724
GDNAKGOC_00863	823784	824042
GDNAKGOC_00864	824242	824389
GDNAKGOC_00865	824654	826412
GDNAKGOC_00866	826414	827248
GDNAKGOC_00867	827437	828628
GDNAKGOC_00868	828773	830102
GDNAKGOC_00869	830228	831491
GDNAKGOC_00870	831480	832071
GDNAKGOC_00871	832102	833107
GDNAKGOC_00872	833118	834474
GDNAKGOC_00873	834952	836260
GDNAKGOC_00874	836280	836991
GDNAKGOC_00875	836993	838145
GDNAKGOC_00876	838150	839086
GDNAKGOC_00877	839078	839858
GDNAKGOC_00878	839873	841049
GDNAKGOC_00879	841048	842107
GDNAKGOC_00880	842197	843307
GDNAKGOC_00881	843343	844957
GDNAKGOC_00882	845298	845568
GDNAKGOC_00883	845581	846097
GDNAKGOC_00884	846153	847647
GDNAKGOC_00885	847715	848642
GDNAKGOC_00886	849279	850083
GDNAKGOC_00887	850219	850678
GDNAKGOC_00888	850704	850911
GDNAKGOC_00889	850921	851155
GDNAKGOC_00890	851299	851476
GDNAKGOC_00891	851515	851992
GDNAKGOC_00892	852051	852312
GDNAKGOC_00893	852323	852497
GDNAKGOC_00894	852716	854165
GDNAKGOC_00895	854250	854955
GDNAKGOC_00896	855309	855645
GDNAKGOC_00897	855670	856042
GDNAKGOC_00898	856151	856658
GDNAKGOC_00899	857011	857782
GDNAKGOC_00900	857884	858295
GDNAKGOC_00901	858383	859865
GDNAKGOC_00902	859874	860597
GDNAKGOC_00903	860738	860984
GDNAKGOC_00904	861032	862460
GDNAKGOC_00905	862459	863842
GDNAKGOC_00906	864027	864891
GDNAKGOC_00907	865031	865520
GDNAKGOC_00908	865594	866191
GDNAKGOC_00909	866240	867527
GDNAKGOC_00910	867752	868586
GDNAKGOC_00911	868636	869212
GDNAKGOC_00912	869316	870294
GDNAKGOC_00914	870709	871660
GDNAKGOC_00915	871879	872080
GDNAKGOC_00916	872082	872736
GDNAKGOC_00917	872989	873190
GDNAKGOC_00918	873264	873603
GDNAKGOC_00919	873766	873970
GDNAKGOC_00920	874229	875621
GDNAKGOC_00921	875748	876705
GDNAKGOC_00922	876714	877218
GDNAKGOC_00923	877296	879717
GDNAKGOC_00924	880088	880943
GDNAKGOC_00925	880957	882019
GDNAKGOC_00926	882011	882713
GDNAKGOC_00927	882912	884316
GDNAKGOC_00928	884329	885712
GDNAKGOC_00929	885867	887394
GDNAKGOC_00930	887480	888407
GDNAKGOC_00931	888535	889849
GDNAKGOC_00932	890100	891567
GDNAKGOC_00933	891643	892435
GDNAKGOC_00934	892524	893580
GDNAKGOC_00935	893569	893863
GDNAKGOC_00936	893862	894777
GDNAKGOC_00937	894766	896308
GDNAKGOC_00938	896550	897006
GDNAKGOC_00939	897039	897192
GDNAKGOC_00940	897210	898044
GDNAKGOC_00941	898044	899745
GDNAKGOC_00942	899756	900314
GDNAKGOC_00943	900464	900836
GDNAKGOC_00944	900863	901196
GDNAKGOC_00945	901251	902190
GDNAKGOC_00946	902380	903724
GDNAKGOC_00947	903958	904468
GDNAKGOC_00948	904528	905473
GDNAKGOC_00949	905528	905891
GDNAKGOC_00950	905905	908146
GDNAKGOC_00951	908145	908583
GDNAKGOC_00952	908874	910161
GDNAKGOC_00953	910168	912013
GDNAKGOC_00954	912078	913263
GDNAKGOC_00955	913419	914613
GDNAKGOC_00956	914943	915759
GDNAKGOC_00957	915810	916623
GDNAKGOC_00958	916689	917655
GDNAKGOC_00959	917689	918961
GDNAKGOC_00960	919172	919787
GDNAKGOC_00961	919922	921725
GDNAKGOC_00962	921803	923105
GDNAKGOC_00963	923250	925044
GDNAKGOC_00964	925064	926003
GDNAKGOC_00965	925999	926794
GDNAKGOC_00966	926799	927045
GDNAKGOC_00967	927149	927338
GDNAKGOC_00968	927395	928952
GDNAKGOC_00969	929013	929232
GDNAKGOC_00970	929348	932456
GDNAKGOC_00971	932622	933585
GDNAKGOC_00972	933613	935383
GDNAKGOC_00973	935506	936397
GDNAKGOC_00974	936386	937292
GDNAKGOC_00975	937301	937664
GDNAKGOC_00976	937650	938391
GDNAKGOC_00977	938380	938974
GDNAKGOC_00978	938973	939690
GDNAKGOC_00979	939913	940603
GDNAKGOC_00980	940703	941165
GDNAKGOC_00981	941215	941878
GDNAKGOC_00982	941962	943174
GDNAKGOC_00983	943259	944567
GDNAKGOC_00984	944730	945006
GDNAKGOC_00985	945093	946341
GDNAKGOC_00986	946373	947261
GDNAKGOC_00987	947344	948544
GDNAKGOC_00988	948583	949249
GDNAKGOC_00989	949368	950220
GDNAKGOC_00990	950222	950453
GDNAKGOC_00991	950497	952099
GDNAKGOC_00992	952132	952987
GDNAKGOC_00993	952976	953729
GDNAKGOC_00994	953790	954648
GDNAKGOC_00995	954708	956826
GDNAKGOC_00996	956852	958169
GDNAKGOC_00997	958168	959077
GDNAKGOC_00998	959086	959611
GDNAKGOC_00999	959622	961023
GDNAKGOC_01000	961180	962080
GDNAKGOC_01001	962249	962654
GDNAKGOC_01002	962856	964125
GDNAKGOC_01003	964121	964976
GDNAKGOC_01004	965002	965815
GDNAKGOC_01005	966033	966423
GDNAKGOC_01006	966424	966799
GDNAKGOC_01007	966843	968247
GDNAKGOC_01008	968366	969839
GDNAKGOC_01009	970076	972170
GDNAKGOC_01010	972196	973459
GDNAKGOC_01011	973895	974567
GDNAKGOC_01012	974559	975900
GDNAKGOC_01013	976060	977833
GDNAKGOC_01014	977917	978370
GDNAKGOC_01015	978442	980977
GDNAKGOC_01016	981036	981969
GDNAKGOC_01017	982275	982908
GDNAKGOC_01018	983000	983390
GDNAKGOC_01019	983580	984675
GDNAKGOC_01020	984729	985578
GDNAKGOC_01021	985591	986149
GDNAKGOC_01022	986252	987458
GDNAKGOC_01023	987581	988988
GDNAKGOC_01024	989170	991102
GDNAKGOC_01025	991284	992010
GDNAKGOC_01026	992020	993685
GDNAKGOC_01027	993846	994548
GDNAKGOC_01028	995030	995588
GDNAKGOC_01029	995547	996432
GDNAKGOC_01030	997152	998193
GDNAKGOC_01031	998964	1006917
GDNAKGOC_01032	1007249	1014182
GDNAKGOC_01033	1014162	1014354
GDNAKGOC_01034	1014415	1015279
GDNAKGOC_01035	1015364	1016003
GDNAKGOC_01036	1016061	1016928
GDNAKGOC_01037	1017040	1017901
GDNAKGOC_01038	1017921	1018791
GDNAKGOC_01039	1019041	1019899
GDNAKGOC_01040	1020159	1021317
GDNAKGOC_01041	1021534	1022068
GDNAKGOC_01042	1022289	1022883
GDNAKGOC_01043	1022921	1023332
GDNAKGOC_01044	1023481	1024054
GDNAKGOC_01045	1024066	1024528
GDNAKGOC_01046	1025435	1026806
GDNAKGOC_01047	1026948	1027815
GDNAKGOC_01048	1028113	1029013
GDNAKGOC_01049	1029494	1029788
GDNAKGOC_01050	1030268	1030928
GDNAKGOC_01051	1030908	1031583
GDNAKGOC_01052	1031591	1032332
GDNAKGOC_01053	1032345	1033206
GDNAKGOC_01054	1033489	1033984
GDNAKGOC_01055	1034165	1034768
GDNAKGOC_01056	1034780	1035695
GDNAKGOC_01057	1035727	1036177
GDNAKGOC_01058	1036227	1036830
GDNAKGOC_01059	1036849	1037464
GDNAKGOC_01060	1037522	1038191
GDNAKGOC_01061	1038258	1039452
GDNAKGOC_01062	1039551	1040388
GDNAKGOC_01063	1040438	1041062
GDNAKGOC_01064	1041196	1041652
GDNAKGOC_01065	1041827	1042295
GDNAKGOC_01066	1042315	1042675
GDNAKGOC_01067	1042680	1043196
GDNAKGOC_01068	1043216	1043699
GDNAKGOC_01069	1043811	1044003
GDNAKGOC_01070	1044018	1044621
GDNAKGOC_01071	1044580	1045225
GDNAKGOC_01072	1045678	1046440
GDNAKGOC_01073	1046467	1047064
GDNAKGOC_01074	1047091	1047862
GDNAKGOC_01075	1047878	1048640
GDNAKGOC_01076	1048679	1049282
GDNAKGOC_01077	1049614	1049848
GDNAKGOC_01078	1050229	1050619
GDNAKGOC_01079	1051870	1052524
GDNAKGOC_01080	1052544	1052790
GDNAKGOC_01081	1053479	1054394
GDNAKGOC_01082	1054522	1056148
GDNAKGOC_01083	1056214	1056802
GDNAKGOC_01084	1056905	1058195
GDNAKGOC_01085	1058278	1059256
GDNAKGOC_01086	1059601	1060210
GDNAKGOC_01087	1060636	1061755
GDNAKGOC_01088	1061944	1062418
GDNAKGOC_01089	1062580	1063261
GDNAKGOC_01090	1063260	1064106
GDNAKGOC_01091	1064204	1064849
GDNAKGOC_01092	1064913	1066239
GDNAKGOC_01093	1066778	1067366
GDNAKGOC_01094	1067891	1068149
GDNAKGOC_01095	1068230	1069037
GDNAKGOC_01096	1069605	1072344
GDNAKGOC_01097	1072590	1076307
GDNAKGOC_01098	1076306	1078367
GDNAKGOC_01099	1078673	1079603
GDNAKGOC_01100	1079690	1080149
GDNAKGOC_01101	1080284	1081073
GDNAKGOC_01102	1081343	1081655
GDNAKGOC_01103	1081846	1082470
GDNAKGOC_01104	1082485	1082845
GDNAKGOC_01105	1083163	1084006
GDNAKGOC_01106	1084244	1084520
GDNAKGOC_01107	1084480	1084645
GDNAKGOC_01108	1084689	1085301
GDNAKGOC_01109	1085326	1085890
GDNAKGOC_01110	1086024	1087356
GDNAKGOC_01111	1087522	1087702
GDNAKGOC_01112	1087894	1088659
GDNAKGOC_01113	1088787	1089342
GDNAKGOC_01114	1089456	1089804
GDNAKGOC_01115	1089958	1090774
GDNAKGOC_01116	1090773	1091223
GDNAKGOC_01117	1091382	1091541
GDNAKGOC_01118	1091685	1093056
GDNAKGOC_01119	1093132	1093483
GDNAKGOC_01120	1093460	1093736
GDNAKGOC_01121	1093722	1094010
GDNAKGOC_01122	1094256	1094481
GDNAKGOC_01123	1094871	1095900
GDNAKGOC_01124	1096117	1096687
GDNAKGOC_01125	1096920	1097556
GDNAKGOC_01126	1097652	1099599
GDNAKGOC_01127	1099627	1102078
GDNAKGOC_01128	1102214	1103186
GDNAKGOC_01129	1103206	1104142
GDNAKGOC_01130	1104279	1104879
GDNAKGOC_01131	1104920	1105190
GDNAKGOC_01132	1105587	1106295
GDNAKGOC_01133	1107611	1107986
GDNAKGOC_01134	1108292	1108634
GDNAKGOC_01135	1108656	1110240
GDNAKGOC_01136	1110236	1111826
GDNAKGOC_01137	1112205	1113423
GDNAKGOC_01138	1113651	1114143
GDNAKGOC_01139	1114188	1114527
GDNAKGOC_01140	1114728	1114821
GDNAKGOC_01141	1115176	1116256
GDNAKGOC_01142	1116351	1116960
GDNAKGOC_01143	1116996	1117488
GDNAKGOC_01144	1117489	1117939
GDNAKGOC_01145	1118472	1119501
GDNAKGOC_01146	1119558	1120440
GDNAKGOC_01147	1120517	1120928
GDNAKGOC_01148	1121170	1122862
GDNAKGOC_01149	1122933	1126119
GDNAKGOC_01150	1126122	1127178
GDNAKGOC_01151	1127182	1128091
GDNAKGOC_01152	1128083	1128548
GDNAKGOC_01153	1128558	1130235
GDNAKGOC_01154	1130732	1131965
GDNAKGOC_01155	1131967	1133092
GDNAKGOC_01156	1133556	1133970
GDNAKGOC_01157	1134065	1134629
GDNAKGOC_01158	1134697	1135333
GDNAKGOC_01159	1135332	1137663
GDNAKGOC_01160	1137841	1138471
GDNAKGOC_01161	1138472	1139117
GDNAKGOC_01162	1139254	1140499
GDNAKGOC_01163	1140553	1141051
GDNAKGOC_01164	1141053	1143837
GDNAKGOC_01165	1143860	1147484
GDNAKGOC_01166	1147486	1150969
GDNAKGOC_01167	1151050	1151959
GDNAKGOC_01168	1151964	1152927
GDNAKGOC_01169	1152970	1154053
GDNAKGOC_01170	1154065	1155085
GDNAKGOC_01171	1155136	1155976
GDNAKGOC_01172	1156796	1157372
GDNAKGOC_01173	1157449	1157776
GDNAKGOC_01174	1157832	1158984
GDNAKGOC_01175	1159101	1160487
GDNAKGOC_01176	1160467	1161445
GDNAKGOC_01177	1161434	1162187
GDNAKGOC_01178	1162273	1162516
GDNAKGOC_01179	1162565	1162844
GDNAKGOC_01180	1162916	1163105
GDNAKGOC_01181	1163163	1163940
GDNAKGOC_01182	1163958	1164792
GDNAKGOC_01183	1164810	1165644
GDNAKGOC_01184	1165640	1166348
GDNAKGOC_01185	1166340	1166715
GDNAKGOC_01186	1167012	1168260
GDNAKGOC_01187	1168286	1169084
GDNAKGOC_01188	1169076	1169763
GDNAKGOC_01189	1169861	1170302
GDNAKGOC_01190	1170301	1170967
GDNAKGOC_01191	1171020	1172133
GDNAKGOC_01192	1172132	1173983
GDNAKGOC_01193	1174005	1176069
GDNAKGOC_01194	1176061	1176979
GDNAKGOC_01195	1177237	1177990
GDNAKGOC_01196	1178086	1178992
GDNAKGOC_01197	1178993	1179518
GDNAKGOC_01198	1179520	1180480
GDNAKGOC_01199	1180504	1180948
GDNAKGOC_01200	1181213	1181390
GDNAKGOC_01201	1181655	1182492
GDNAKGOC_01202	1182661	1183303
GDNAKGOC_01203	1183427	1183997
GDNAKGOC_01204	1184081	1184960
GDNAKGOC_01205	1185187	1185832
GDNAKGOC_01206	1185862	1186726
GDNAKGOC_01207	1186750	1187983
GDNAKGOC_01208	1188098	1189589
GDNAKGOC_01209	1189605	1190967
GDNAKGOC_01210	1191338	1192964
GDNAKGOC_01211	1193635	1193956
GDNAKGOC_01212	1194081	1194696
GDNAKGOC_01213	1195047	1197141
GDNAKGOC_01214	1197149	1198427
GDNAKGOC_01215	1198570	1199896
GDNAKGOC_01216	1200254	1200692
GDNAKGOC_01217	1200772	1201615
GDNAKGOC_01218	1201703	1203209
GDNAKGOC_01219	1203278	1203947
GDNAKGOC_01220	1204050	1204590
GDNAKGOC_01221	1204688	1205297
GDNAKGOC_01222	1205298	1205460
GDNAKGOC_01223	1205480	1206647
GDNAKGOC_01224	1206716	1207259
GDNAKGOC_01225	1207291	1208143
GDNAKGOC_01226	1208270	1210544
GDNAKGOC_01227	1210588	1211092
GDNAKGOC_01228	1211226	1212717
GDNAKGOC_01229	1212836	1213625
GDNAKGOC_01230	1213637	1214567
GDNAKGOC_01231	1214681	1215773
GDNAKGOC_01232	1215818	1216634
GDNAKGOC_01233	1217055	1217328
GDNAKGOC_01234	1217330	1217777
GDNAKGOC_01235	1217849	1218377
GDNAKGOC_01236	1218481	1220755
GDNAKGOC_01237	1220876	1221566
GDNAKGOC_01238	1221738	1223577
GDNAKGOC_01239	1223712	1224867
GDNAKGOC_01240	1224950	1226795
GDNAKGOC_01241	1226810	1227395
GDNAKGOC_01242	1227407	1228457
GDNAKGOC_01243	1228556	1230068
GDNAKGOC_01244	1230318	1231248
GDNAKGOC_01245	1231268	1232162
GDNAKGOC_01246	1232212	1232578
GDNAKGOC_01247	1232597	1235231
GDNAKGOC_01248	1235235	1235547
GDNAKGOC_01249	1235549	1235846
GDNAKGOC_01250	1235854	1237024
GDNAKGOC_01251	1237043	1237520
GDNAKGOC_01252	1237622	1241936
GDNAKGOC_01253	1241941	1243639
GDNAKGOC_01254	1243680	1244937
GDNAKGOC_01255	1244948	1245764
GDNAKGOC_01256	1245765	1246500
GDNAKGOC_01257	1246502	1246628
GDNAKGOC_01258	1246566	1247061
GDNAKGOC_01259	1247060	1247786
GDNAKGOC_01260	1247956	1248982
GDNAKGOC_01261	1249021	1249798
GDNAKGOC_01262	1249961	1250993
GDNAKGOC_01263	1251056	1251671
GDNAKGOC_01264	1251772	1252954
GDNAKGOC_01265	1253001	1254945
GDNAKGOC_01266	1255031	1256834
GDNAKGOC_01267	1256826	1258593
GDNAKGOC_01268	1258676	1258895
GDNAKGOC_01269	1258960	1259221
GDNAKGOC_01270	1259369	1259996
GDNAKGOC_01271	1260042	1260801
GDNAKGOC_01272	1260793	1261453
GDNAKGOC_01273	1261748	1262681
GDNAKGOC_01274	1262682	1264431
GDNAKGOC_01275	1264464	1264893
GDNAKGOC_01276	1265099	1265447
GDNAKGOC_01277	1265580	1266309
GDNAKGOC_01278	1266298	1266814
GDNAKGOC_01279	1266885	1267158
GDNAKGOC_01280	1267247	1268678
GDNAKGOC_01281	1268681	1269023
GDNAKGOC_01282	1269215	1270643
GDNAKGOC_01283	1270705	1271113
GDNAKGOC_01284	1271179	1272601
GDNAKGOC_01285	1272642	1273938
GDNAKGOC_01286	1273938	1277508
GDNAKGOC_01287	1277520	1278207
GDNAKGOC_01288	1278328	1279711
GDNAKGOC_01289	1279787	1281545
GDNAKGOC_01290	1281746	1283516
GDNAKGOC_01291	1283727	1284657
GDNAKGOC_01292	1284671	1285631
GDNAKGOC_01293	1285633	1286620
GDNAKGOC_01294	1286623	1287655
GDNAKGOC_01295	1287771	1288014
GDNAKGOC_01296	1288046	1289048
GDNAKGOC_01297	1289067	1291104
GDNAKGOC_01298	1291108	1292770
GDNAKGOC_01299	1292791	1293154
GDNAKGOC_01300	1293321	1293507
GDNAKGOC_01301	1293617	1293923
GDNAKGOC_01302	1293969	1294656
GDNAKGOC_01303	1294655	1295306
GDNAKGOC_01304	1295316	1296207
GDNAKGOC_01305	1296208	1298233
GDNAKGOC_01306	1298222	1298978
GDNAKGOC_01307	1298982	1300314
GDNAKGOC_01308	1300300	1301245
GDNAKGOC_01309	1301257	1303657
GDNAKGOC_01310	1303707	1303932
GDNAKGOC_01311	1303934	1304549
GDNAKGOC_01312	1304659	1305097
GDNAKGOC_01313	1305089	1306772
GDNAKGOC_01314	1306782	1307595
GDNAKGOC_01315	1307595	1308465
GDNAKGOC_01316	1308467	1308710
GDNAKGOC_01317	1308690	1310058
GDNAKGOC_01318	1310044	1310896
GDNAKGOC_01319	1311189	1311582
GDNAKGOC_01320	1311581	1312016
GDNAKGOC_01321	1312034	1312604
GDNAKGOC_01322	1312684	1313794
GDNAKGOC_01323	1313918	1314209
GDNAKGOC_01324	1314227	1314539
GDNAKGOC_01325	1314705	1315542
GDNAKGOC_01326	1315628	1317002
GDNAKGOC_01327	1317132	1318158
GDNAKGOC_01328	1318208	1318388
GDNAKGOC_01329	1318461	1319043
GDNAKGOC_01330	1319079	1319661
GDNAKGOC_01331	1319723	1319993
GDNAKGOC_01332	1319986	1320358
GDNAKGOC_01333	1320682	1321237
GDNAKGOC_01334	1321636	1322419
GDNAKGOC_01335	1322427	1324224
GDNAKGOC_01336	1324234	1325071
GDNAKGOC_01337	1325259	1326009
GDNAKGOC_01338	1326024	1326492
GDNAKGOC_01340	1327032	1327950
GDNAKGOC_01341	1328353	1329250
GDNAKGOC_01342	1329260	1329620
GDNAKGOC_01343	1329654	1331238
GDNAKGOC_01344	1331237	1332815
GDNAKGOC_01345	1333147	1333963
GDNAKGOC_01346	1334107	1335196
GDNAKGOC_01347	1335195	1336104
GDNAKGOC_01348	1336152	1338195
GDNAKGOC_01349	1338208	1340488
GDNAKGOC_01350	1340492	1341983
GDNAKGOC_01351	1341972	1342857
GDNAKGOC_01352	1342994	1344140
GDNAKGOC_01353	1344270	1345524
GDNAKGOC_01354	1345643	1346255
GDNAKGOC_01355	1346387	1346603
GDNAKGOC_01356	1346634	1347018
GDNAKGOC_01357	1347028	1347322
GDNAKGOC_01358	1347551	1349933
GDNAKGOC_01359	1349996	1350434
GDNAKGOC_01360	1350486	1350768
GDNAKGOC_01361	1350887	1351751
GDNAKGOC_01362	1352000	1355054
GDNAKGOC_01363	1355659	1355860
GDNAKGOC_01364	1356203	1359392
GDNAKGOC_01365	1359384	1360470
GDNAKGOC_01366	1360470	1361748
GDNAKGOC_01367	1361747	1362704
GDNAKGOC_01368	1362844	1363387
GDNAKGOC_01369	1363563	1364487
GDNAKGOC_01370	1364739	1365447
GDNAKGOC_01371	1365446	1366085
GDNAKGOC_01372	1366154	1366802
GDNAKGOC_01373	1367231	1369859
GDNAKGOC_01374	1369942	1371289
GDNAKGOC_01375	1371411	1372080
GDNAKGOC_01376	1372195	1385176
GDNAKGOC_01377	1385478	1385991
GDNAKGOC_01378	1386062	1386359
GDNAKGOC_01379	1386773	1387625
GDNAKGOC_01380	1387662	1387956
GDNAKGOC_01381	1388130	1388796
GDNAKGOC_01382	1388809	1389691
GDNAKGOC_01383	1389700	1390015
GDNAKGOC_01384	1390328	1392074
GDNAKGOC_01385	1392155	1392263
GDNAKGOC_01386	1392343	1393708
GDNAKGOC_01387	1393974	1394322
GDNAKGOC_01388	1394321	1394600
GDNAKGOC_01389	1394670	1395309
GDNAKGOC_01390	1395542	1395884
GDNAKGOC_01391	1396185	1396557
GDNAKGOC_01392	1396576	1397203
GDNAKGOC_01393	1397385	1398174
GDNAKGOC_01394	1398291	1399146
GDNAKGOC_01395	1399254	1401369
GDNAKGOC_01396	1401433	1401559
GDNAKGOC_01397	1401615	1401771
GDNAKGOC_01398	1402239	1403343
GDNAKGOC_01399	1403473	1404169
GDNAKGOC_01400	1404206	1405010
GDNAKGOC_01401	1405009	1406287
GDNAKGOC_01402	1406283	1406796
GDNAKGOC_01403	1406953	1407874
GDNAKGOC_01404	1408155	1408302
GDNAKGOC_01405	1408383	1409505
GDNAKGOC_01406	1409743	1409917
GDNAKGOC_01407	1410031	1410586
GDNAKGOC_01408	1410678	1410813
GDNAKGOC_01409	1410889	1412386
GDNAKGOC_01410	1412517	1413213
GDNAKGOC_01411	1413232	1413406
GDNAKGOC_01412	1413554	1414313
GDNAKGOC_01413	1414412	1415105
GDNAKGOC_01414	1415116	1415524
GDNAKGOC_01415	1415541	1416720
GDNAKGOC_01416	1416768	1418043
GDNAKGOC_01417	1418052	1418718
GDNAKGOC_01418	1418725	1419337
GDNAKGOC_01419	1419564	1420560
GDNAKGOC_01420	1420572	1421157
GDNAKGOC_01421	1421153	1421525
GDNAKGOC_01422	1421542	1422250
GDNAKGOC_01423	1422498	1423941
GDNAKGOC_01424	1423950	1426149
GDNAKGOC_01425	1426160	1427273
GDNAKGOC_01426	1427304	1428138
GDNAKGOC_01427	1428150	1429026
GDNAKGOC_01428	1429039	1430296
GDNAKGOC_01429	1430539	1431379
GDNAKGOC_01430	1431436	1431871
GDNAKGOC_01431	1432031	1433504
GDNAKGOC_01432	1433503	1434085
GDNAKGOC_01433	1434316	1434610
GDNAKGOC_01434	1434602	1434878
GDNAKGOC_01435	1435000	1435681
GDNAKGOC_01436	1435903	1436146
GDNAKGOC_01437	1436318	1437203
GDNAKGOC_01438	1437360	1438347
GDNAKGOC_01439	1438348	1439812
GDNAKGOC_01440	1439831	1440995
GDNAKGOC_01441	1441211	1442231
GDNAKGOC_01442	1442395	1443025
GDNAKGOC_01443	1443146	1445150
GDNAKGOC_01444	1445160	1447080
GDNAKGOC_01445	1447276	1448434
GDNAKGOC_01446	1448786	1449794
GDNAKGOC_01447	1450019	1451906
GDNAKGOC_01448	1451889	1452840
GDNAKGOC_01449	1452921	1453914
GDNAKGOC_01450	1454019	1455552
GDNAKGOC_01451	1455569	1456793
GDNAKGOC_01452	1456969	1457929
GDNAKGOC_01453	1457906	1460696
GDNAKGOC_01454	1460704	1461049
GDNAKGOC_01455	1461090	1462332
GDNAKGOC_01456	1462501	1462948
GDNAKGOC_01457	1463004	1463913
GDNAKGOC_01458	1463915	1466120
GDNAKGOC_01459	1466112	1466967
GDNAKGOC_01460	1467157	1468438
GDNAKGOC_01461	1468570	1469557
GDNAKGOC_01462	1469586	1470444
GDNAKGOC_01463	1470430	1470550
GDNAKGOC_01464	1470551	1472030
GDNAKGOC_01465	1472045	1472441
GDNAKGOC_01466	1472442	1473369
GDNAKGOC_01467	1473606	1475052
GDNAKGOC_01468	1475248	1476406
GDNAKGOC_01469	1476677	1477691
GDNAKGOC_01470	1477820	1478654
GDNAKGOC_01471	1478646	1479588
GDNAKGOC_01472	1479602	1481054
GDNAKGOC_01473	1481084	1482293
GDNAKGOC_01474	1482351	1483761
GDNAKGOC_01475	1483971	1484766
GDNAKGOC_01476	1484753	1487729
GDNAKGOC_01477	1487830	1488841
GDNAKGOC_01478	1488944	1489850
GDNAKGOC_01479	1490049	1490700
GDNAKGOC_01480	1490680	1491445
GDNAKGOC_01481	1491497	1492835
GDNAKGOC_01482	1492972	1494223
GDNAKGOC_01483	1494215	1495136
GDNAKGOC_01484	1495207	1495609
GDNAKGOC_01485	1495667	1495886
GDNAKGOC_01486	1495885	1496566
GDNAKGOC_01487	1496600	1497164
GDNAKGOC_01488	1497217	1497367
GDNAKGOC_01489	1497443	1499552
GDNAKGOC_01490	1499642	1502222
GDNAKGOC_01491	1502337	1503261
GDNAKGOC_01492	1503340	1508224
GDNAKGOC_01493	1508686	1509013
GDNAKGOC_01494	1509235	1509373
GDNAKGOC_01495	1509393	1510677
GDNAKGOC_01496	1510791	1511706
GDNAKGOC_01497	1511766	1512243
GDNAKGOC_01498	1512318	1514733
GDNAKGOC_01499	1514736	1515786
GDNAKGOC_01500	1516068	1516419
GDNAKGOC_01501	1516521	1517289
GDNAKGOC_01502	1517414	1517687
GDNAKGOC_01503	1517728	1518697
GDNAKGOC_01504	1518732	1520301
GDNAKGOC_01505	1520287	1521004
GDNAKGOC_01506	1521167	1521716
GDNAKGOC_01507	1521717	1522869
GDNAKGOC_01508	1522875	1523223
GDNAKGOC_01509	1523237	1523837
GDNAKGOC_01510	1523817	1524474
GDNAKGOC_01511	1524484	1525594
GDNAKGOC_01512	1525586	1526237
GDNAKGOC_01513	1526302	1527007
GDNAKGOC_01514	1527242	1527461
GDNAKGOC_01515	1527703	1528705
GDNAKGOC_01516	1528754	1529111
GDNAKGOC_01517	1529152	1529353
GDNAKGOC_01518	1529374	1529824
GDNAKGOC_01519	1530118	1530634
GDNAKGOC_01520	1530775	1531201
GDNAKGOC_01521	1531197	1531632
GDNAKGOC_01522	1531789	1533724
GDNAKGOC_01523	1534004	1534913
GDNAKGOC_01524	1534922	1536263
GDNAKGOC_01525	1536265	1536733
GDNAKGOC_01526	1536735	1537338
GDNAKGOC_01527	1537334	1538165
GDNAKGOC_01528	1538173	1540834
GDNAKGOC_01529	1543232	1544504
GDNAKGOC_01530	1544516	1546058
GDNAKGOC_01531	1546054	1546657
GDNAKGOC_01532	1546666	1547704
GDNAKGOC_01533	1547706	1549155
GDNAKGOC_01534	1549130	1551359
GDNAKGOC_01535	1551355	1552027
GDNAKGOC_01536	1552023	1552278
GDNAKGOC_01537	1552278	1552995
GDNAKGOC_01538	1553199	1554348
GDNAKGOC_01539	1554340	1554826
GDNAKGOC_01540	1554843	1556505
GDNAKGOC_01541	1556691	1557366
GDNAKGOC_01542	1557512	1558394
GDNAKGOC_01543	1558411	1558720
GDNAKGOC_01544	1558846	1559824
GDNAKGOC_01545	1559966	1561484
GDNAKGOC_01546	1561588	1562566
GDNAKGOC_01547	1562836	1563442
GDNAKGOC_01548	1563451	1563994
GDNAKGOC_01549	1564185	1565520
GDNAKGOC_01550	1565615	1566488
GDNAKGOC_01551	1566513	1567152
GDNAKGOC_01552	1567114	1568557
GDNAKGOC_01553	1568558	1570241
GDNAKGOC_01554	1570230	1570434
GDNAKGOC_01555	1570614	1571448
GDNAKGOC_01556	1571569	1573654
GDNAKGOC_01557	1573755	1575069
GDNAKGOC_01558	1575170	1575818
GDNAKGOC_01559	1575837	1576158
GDNAKGOC_01560	1576223	1576880
GDNAKGOC_01561	1576889	1578095
GDNAKGOC_01562	1578087	1578831
GDNAKGOC_01563	1578924	1579356
GDNAKGOC_01564	1579367	1579703
GDNAKGOC_01565	1579820	1580723
GDNAKGOC_01566	1580792	1581770
GDNAKGOC_01567	1581762	1584261
GDNAKGOC_01568	1584241	1585453
GDNAKGOC_01569	1585461	1585812
GDNAKGOC_01570	1585827	1587885
GDNAKGOC_01571	1587974	1588820
GDNAKGOC_01572	1588953	1589706
GDNAKGOC_01573	1589863	1590544
GDNAKGOC_01574	1590584	1591607
GDNAKGOC_01575	1591737	1592649
GDNAKGOC_01576	1592757	1594443
GDNAKGOC_01577	1594715	1595405
GDNAKGOC_01578	1595504	1596353
GDNAKGOC_01579	1596355	1597654
GDNAKGOC_01581	1597913	1598243
GDNAKGOC_01582	1598294	1599326
GDNAKGOC_01583	1599382	1599727
GDNAKGOC_01584	1599786	1601076
GDNAKGOC_01585	1601136	1601394
GDNAKGOC_01586	1601503	1603435
GDNAKGOC_01587	1603629	1604043
GDNAKGOC_01588	1604585	1612205
GDNAKGOC_01589	1612417	1615138
GDNAKGOC_01590	1615463	1615658
GDNAKGOC_01591	1615691	1616108
GDNAKGOC_01592	1616332	1616722
GDNAKGOC_01593	1616845	1618492
GDNAKGOC_01594	1618586	1621001
GDNAKGOC_01595	1621291	1621951
GDNAKGOC_01596	1621988	1622489
GDNAKGOC_01597	1622541	1623195
GDNAKGOC_01598	1623197	1623575
GDNAKGOC_01599	1623769	1625227
GDNAKGOC_01600	1625249	1626449
GDNAKGOC_01609	1634899	1636207
GDNAKGOC_01610	1636433	1636985
GDNAKGOC_01611	1636984	1637593
GDNAKGOC_01612	1637754	1638549
GDNAKGOC_01613	1638551	1639409
GDNAKGOC_01614	1639446	1639950
GDNAKGOC_01615	1640118	1641501
GDNAKGOC_01616	1641634	1646665
GDNAKGOC_01617	1647108	1652883
GDNAKGOC_01618	1653261	1654305
GDNAKGOC_01619	1654419	1658133
GDNAKGOC_01620	1658148	1658712
GDNAKGOC_01621	1658852	1659809
GDNAKGOC_01622	1659825	1660743
GDNAKGOC_01623	1660863	1662165
GDNAKGOC_01624	1662218	1663514
GDNAKGOC_01625	1663497	1664322
GDNAKGOC_01626	1664353	1665193
GDNAKGOC_01627	1665192	1666278
GDNAKGOC_01628	1666538	1667966
GDNAKGOC_01629	1668008	1668866
GDNAKGOC_01630	1668875	1669832
GDNAKGOC_01631	1669839	1670640
GDNAKGOC_01632	1670658	1671297
GDNAKGOC_01633	1671299	1671749
GDNAKGOC_01634	1671821	1675346
GDNAKGOC_01635	1675688	1676426
GDNAKGOC_01636	1676680	1678759
GDNAKGOC_01637	1678846	1679137
GDNAKGOC_01638	1679198	1679942
GDNAKGOC_01639	1680126	1681731
GDNAKGOC_01640	1681848	1682766
GDNAKGOC_01641	1682824	1683526
GDNAKGOC_01642	1683527	1684853
GDNAKGOC_01643	1684970	1685513
GDNAKGOC_01644	1685531	1686140
GDNAKGOC_01645	1686226	1686682
GDNAKGOC_01646	1686681	1687197
GDNAKGOC_01647	1687260	1688901
GDNAKGOC_01648	1689220	1689583
GDNAKGOC_01649	1689707	1690289
GDNAKGOC_01650	1690348	1690924
GDNAKGOC_01651	1691047	1691962
GDNAKGOC_01652	1692018	1692579
GDNAKGOC_01653	1692575	1693028
GDNAKGOC_01654	1693030	1693849
GDNAKGOC_01655	1693852	1694473
GDNAKGOC_01656	1694486	1695134
GDNAKGOC_01657	1695565	1695727
GDNAKGOC_01658	1695807	1697871
GDNAKGOC_01659	1698025	1698709
GDNAKGOC_01660	1698771	1699422
GDNAKGOC_01661	1699454	1701257
GDNAKGOC_01662	1701267	1702017
GDNAKGOC_01663	1702165	1703437
GDNAKGOC_01664	1703532	1704219
GDNAKGOC_01665	1704231	1706871
GDNAKGOC_01666	1707044	1707437
GDNAKGOC_01667	1707585	1707885
GDNAKGOC_01668	1707962	1708100
GDNAKGOC_01669	1708197	1709190
GDNAKGOC_01670	1709199	1709976
GDNAKGOC_01671	1710078	1711416
GDNAKGOC_01672	1712128	1712971
GDNAKGOC_01673	1713449	1713950
GDNAKGOC_01674	1713977	1714541
GDNAKGOC_01675	1714690	1714810
GDNAKGOC_01676	1715172	1715301
GDNAKGOC_01677	1715784	1717383
GDNAKGOC_01678	1717398	1719057
GDNAKGOC_01679	1719194	1720205
GDNAKGOC_01680	1720217	1721282
GDNAKGOC_01681	1721382	1722144
GDNAKGOC_01682	1722308	1723322
GDNAKGOC_01683	1723897	1724905
GDNAKGOC_01684	1726885	1727740
GDNAKGOC_01685	1727749	1728811
GDNAKGOC_01686	1728869	1729766
GDNAKGOC_01687	1729777	1731769
GDNAKGOC_01688	1732094	1733576
GDNAKGOC_01689	1733588	1735466
GDNAKGOC_01690	1735462	1736317
GDNAKGOC_01691	1736468	1740095
GDNAKGOC_01692	1740203	1740356
GDNAKGOC_01693	1740377	1743935
GDNAKGOC_01694	1744175	1744685
GDNAKGOC_01695	1744722	1745664
GDNAKGOC_01696	1745937	1747656
GDNAKGOC_01697	1747621	1747882
GDNAKGOC_01698	1747868	1748459
GDNAKGOC_01699	1748451	1748634
GDNAKGOC_01700	1750129	1751326
GDNAKGOC_01701	1752103	1753225
GDNAKGOC_01702	1753492	1754275
GDNAKGOC_01703	1754391	1755276
GDNAKGOC_01704	1755430	1756573
GDNAKGOC_01705	1756647	1757028
GDNAKGOC_01706	1756969	1757719
GDNAKGOC_01707	1757979	1759206
GDNAKGOC_01708	1759461	1760895
GDNAKGOC_01709	1760900	1761425
GDNAKGOC_01710	1761611	1762013
GDNAKGOC_01711	1762009	1763305
GDNAKGOC_01712	1763329	1764370
GDNAKGOC_01713	1764366	1765023
GDNAKGOC_01714	1764991	1765513
GDNAKGOC_01715	1765525	1766407
GDNAKGOC_01716	1766423	1767197
GDNAKGOC_01717	1767205	1767856
GDNAKGOC_01718	1767948	1768719
GDNAKGOC_01719	1768721	1769504
GDNAKGOC_01720	1769519	1770395
GDNAKGOC_01721	1770416	1771472
GDNAKGOC_01722	1771637	1772903
GDNAKGOC_01723	1772918	1773929
GDNAKGOC_01724	1774539	1778670
GDNAKGOC_01725	1778855	1779755
GDNAKGOC_01726	1779909	1780698
GDNAKGOC_01727	1780995	1781550
GDNAKGOC_01728	1781743	1782172
GDNAKGOC_01729	1782389	1782689
GDNAKGOC_01730	1782778	1784290
GDNAKGOC_01731	1784322	1784943
GDNAKGOC_01732	1785066	1785513
GDNAKGOC_01733	1785515	1786451
GDNAKGOC_01734	1786485	1787019
GDNAKGOC_01735	1787127	1787850
GDNAKGOC_01736	1787855	1788173
GDNAKGOC_01737	1788169	1788466
GDNAKGOC_01738	1788446	1788677
GDNAKGOC_01739	1788983	1789469
GDNAKGOC_01740	1789471	1790242
GDNAKGOC_01741	1790252	1791794
GDNAKGOC_01742	1791802	1792177
GDNAKGOC_01743	1792322	1792544
GDNAKGOC_01744	1792876	1794151
GDNAKGOC_01745	1794319	1796116
GDNAKGOC_01746	1796192	1796474
GDNAKGOC_01747	1796806	1798321
GDNAKGOC_01748	1798725	1799091
GDNAKGOC_01749	1799139	1799934
GDNAKGOC_01750	1799933	1800581
GDNAKGOC_01751	1800618	1801515
GDNAKGOC_01752	1801744	1802023
GDNAKGOC_01753	1802165	1802603
GDNAKGOC_01754	1802604	1803018
GDNAKGOC_01755	1803210	1805208
GDNAKGOC_01756	1805231	1806146
GDNAKGOC_01757	1806147	1806903
GDNAKGOC_01758	1807105	1808161
GDNAKGOC_01759	1808315	1809527
GDNAKGOC_01760	1809519	1810416
GDNAKGOC_01761	1810841	1810943
GDNAKGOC_01762	1810961	1811384
GDNAKGOC_01763	1811417	1811612
GDNAKGOC_01764	1811744	1811954
GDNAKGOC_01765	1811968	1812508
GDNAKGOC_01766	1812512	1812695
GDNAKGOC_01767	1812891	1813107
GDNAKGOC_01768	1813124	1813280
GDNAKGOC_01769	1813283	1813478
GDNAKGOC_01770	1813643	1813835
GDNAKGOC_01771	1813835	1815152
GDNAKGOC_01772	1815317	1815908
GDNAKGOC_01773	1815918	1818081
GDNAKGOC_01774	1818273	1818678
GDNAKGOC_01775	1818711	1818963
GDNAKGOC_01776	1819155	1819959
GDNAKGOC_01777	1819948	1821271
GDNAKGOC_01778	1821277	1821421
GDNAKGOC_01779	1821551	1821743
GDNAKGOC_01780	1821855	1822017
GDNAKGOC_01781	1822188	1822815
GDNAKGOC_01782	1822870	1823047
GDNAKGOC_01783	1823173	1823767
GDNAKGOC_01784	1823726	1824371
GDNAKGOC_01785	1824504	1825701
GDNAKGOC_01786	1826359	1826599
GDNAKGOC_01787	1827102	1829406
GDNAKGOC_01788	1829511	1829703
GDNAKGOC_01789	1829781	1830009
GDNAKGOC_01790	1830082	1830406
GDNAKGOC_01791	1830488	1830782
GDNAKGOC_01792	1830852	1831602
GDNAKGOC_01793	1831612	1833184
GDNAKGOC_01794	1833239	1834385
GDNAKGOC_01795	1834386	1835073
GDNAKGOC_01796	1835221	1837096
GDNAKGOC_01797	1837088	1838819
GDNAKGOC_01798	1838934	1839717
GDNAKGOC_01799	1839726	1840827
GDNAKGOC_01800	1840883	1841147
GDNAKGOC_01801	1841139	1842024
GDNAKGOC_01802	1842001	1842781
GDNAKGOC_01803	1842796	1843627
GDNAKGOC_01804	1843644	1844367
GDNAKGOC_01805	1844551	1845088
GDNAKGOC_01806	1845120	1846050
GDNAKGOC_01807	1846053	1846845
GDNAKGOC_01808	1846931	1847480
GDNAKGOC_01809	1847491	1848031
GDNAKGOC_01810	1848183	1848807
GDNAKGOC_01811	1849011	1849164
GDNAKGOC_01812	1849259	1850672
GDNAKGOC_01813	1850710	1851385
GDNAKGOC_01814	1851386	1852448
GDNAKGOC_01815	1852448	1852976
GDNAKGOC_01816	1853094	1853694
GDNAKGOC_01817	1853836	1854580
GDNAKGOC_01818	1854576	1855338
GDNAKGOC_01819	1855395	1856037
GDNAKGOC_01820	1856065	1856860
GDNAKGOC_01821	1857012	1858221
GDNAKGOC_01822	1858309	1858507
GDNAKGOC_01823	1858539	1860033
GDNAKGOC_01824	1860144	1862679
GDNAKGOC_01825	1862890	1863253
GDNAKGOC_01826	1863400	1864384
GDNAKGOC_01827	1864528	1865098
GDNAKGOC_01828	1865097	1865772
GDNAKGOC_01829	1865853	1866213
GDNAKGOC_01830	1866259	1867381
GDNAKGOC_01831	1867401	1867908
GDNAKGOC_01832	1868003	1869767
GDNAKGOC_01833	1869802	1870012
GDNAKGOC_01834	1870300	1870426
GDNAKGOC_01835	1870585	1871404
GDNAKGOC_01836	1871836	1872328
GDNAKGOC_01837	1872451	1873309
GDNAKGOC_01838	1873311	1874670
GDNAKGOC_01839	1874740	1875967
GDNAKGOC_01840	1876053	1877160
GDNAKGOC_01841	1877208	1878591
GDNAKGOC_01842	1878648	1879314
GDNAKGOC_01843	1879298	1881569
GDNAKGOC_01844	1881739	1883461
GDNAKGOC_01845	1883464	1885120
GDNAKGOC_01846	1885231	1886407
GDNAKGOC_01847	1886547	1887498
GDNAKGOC_01848	1887506	1888280
GDNAKGOC_01849	1888368	1889949
GDNAKGOC_01850	1890172	1890607
GDNAKGOC_01851	1890714	1890993
GDNAKGOC_01852	1890995	1892498
GDNAKGOC_01853	1892628	1893447
GDNAKGOC_01854	1893510	1893903
GDNAKGOC_01855	1894063	1894957
GDNAKGOC_01856	1895241	1895928
GDNAKGOC_01857	1895987	1896470
GDNAKGOC_01858	1896635	1897556
GDNAKGOC_01859	1897536	1898466
GDNAKGOC_01860	1898544	1899447
GDNAKGOC_01861	1899518	1900160
GDNAKGOC_01862	1900275	1900635
GDNAKGOC_01863	1900706	1902002
GDNAKGOC_01864	1902005	1903295
GDNAKGOC_01865	1903493	1904486
GDNAKGOC_01868	1904929	1905988
GDNAKGOC_01869	1906421	1907432
GDNAKGOC_01870	1907590	1908244
GDNAKGOC_01871	1908266	1909199
GDNAKGOC_01872	1909221	1909875
GDNAKGOC_01873	1909867	1910011
GDNAKGOC_01874	1910003	1910315
GDNAKGOC_01875	1910471	1911863
GDNAKGOC_01876	1911876	1912605
GDNAKGOC_01877	1912823	1914197
GDNAKGOC_01878	1914240	1915590
GDNAKGOC_01879	1915703	1916441
GDNAKGOC_01880	1916649	1918158
GDNAKGOC_01881	1918215	1918314
GDNAKGOC_01882	1918336	1918969
GDNAKGOC_01883	1919087	1921217
GDNAKGOC_01884	1921534	1922446
GDNAKGOC_01885	1922426	1923737
GDNAKGOC_01886	1923825	1924527
GDNAKGOC_01887	1924536	1927068
GDNAKGOC_01888	1927104	1927341
GDNAKGOC_01889	1927384	1929001
GDNAKGOC_01890	1929295	1930267
GDNAKGOC_01891	1930323	1931001
GDNAKGOC_01892	1931691	1932063
GDNAKGOC_01893	1932186	1933128
GDNAKGOC_01894	1933127	1934414
GDNAKGOC_01895	1934406	1934646
GDNAKGOC_01896	1934680	1935919
GDNAKGOC_01897	1935918	1937433
GDNAKGOC_01898	1937448	1937601
GDNAKGOC_01899	1937745	1938042
GDNAKGOC_01900	1938061	1939198
GDNAKGOC_01901	1939797	1940274
GDNAKGOC_01902	1940394	1942251
GDNAKGOC_01903	1942397	1943567
GDNAKGOC_01904	1943855	1944503
GDNAKGOC_01905	1944558	1946121
GDNAKGOC_01906	1946225	1947074
GDNAKGOC_01907	1947232	1947745
GDNAKGOC_01908	1947848	1948250
GDNAKGOC_01909	1948289	1948943
GDNAKGOC_01910	1949030	1950134
GDNAKGOC_01911	1950152	1952492
GDNAKGOC_01912	1952530	1953136
GDNAKGOC_01913	1953291	1954293
GDNAKGOC_01914	1954505	1955591
GDNAKGOC_01915	1955657	1957196
GDNAKGOC_01916	1957188	1958340
GDNAKGOC_01917	1958340	1959297
GDNAKGOC_01918	1959403	1960231
GDNAKGOC_01919	1960350	1961070
GDNAKGOC_01920	1961248	1961896
GDNAKGOC_01921	1961921	1962608
GDNAKGOC_01922	1962666	1963467
GDNAKGOC_01923	1963691	1964999
GDNAKGOC_01924	1965071	1966097
GDNAKGOC_01925	1966099	1966453
GDNAKGOC_01926	1966661	1967393
GDNAKGOC_01927	1967572	1968829
GDNAKGOC_01928	1969364	1970264
GDNAKGOC_01929	1970267	1971893
GDNAKGOC_01930	1972148	1972925
GDNAKGOC_01931	1972887	1973460
GDNAKGOC_01932	1973511	1973763
GDNAKGOC_01933	1974128	1975757
GDNAKGOC_01934	1975859	1976300
GDNAKGOC_01935	1976309	1976687
GDNAKGOC_01936	1976686	1976974
GDNAKGOC_01937	1976973	1978899
GDNAKGOC_01938	1978990	1980043
GDNAKGOC_01939	1980044	1980758
GDNAKGOC_01940	1980773	1981427
GDNAKGOC_01941	1981489	1981639
GDNAKGOC_01942	1981699	1982803
GDNAKGOC_01943	1982830	1984390
GDNAKGOC_01944	1984484	1985888
GDNAKGOC_01945	1986104	1987910
GDNAKGOC_01946	1988268	1990167
GDNAKGOC_01947	1990179	1991565
GDNAKGOC_01948	1991676	1992552
GDNAKGOC_01949	1992553	1992922
GDNAKGOC_01950	1992973	1993114
