MLNEPPPB_00001	136	1957
MLNEPPPB_00002	2111	4892
MLNEPPPB_00003	5086	6679
MLNEPPPB_00004	7153	8914
MLNEPPPB_00005	8913	9420
MLNEPPPB_00006	9422	10448
MLNEPPPB_00007	11029	13381
MLNEPPPB_00008	13528	15154
MLNEPPPB_00009	15376	15778
MLNEPPPB_00010	15827	16379
MLNEPPPB_00011	16469	18227
MLNEPPPB_00012	18213	18534
MLNEPPPB_00013	18586	19252
MLNEPPPB_00014	19317	20211
MLNEPPPB_00015	20505	20745
MLNEPPPB_00016	20876	21935
MLNEPPPB_00017	22169	23321
MLNEPPPB_00018	23554	25222
MLNEPPPB_00019	25218	27024
MLNEPPPB_00020	27123	28314
MLNEPPPB_00021	28382	29063
MLNEPPPB_00022	29136	30984
MLNEPPPB_00023	31004	31694
MLNEPPPB_00024	31676	32387
MLNEPPPB_00025	32505	32895
MLNEPPPB_00026	32990	33524
MLNEPPPB_00027	33621	34065
MLNEPPPB_00028	34131	36894
MLNEPPPB_00029	37052	38531
MLNEPPPB_00030	38558	39326
MLNEPPPB_00031	39539	40070
MLNEPPPB_00032	40119	40557
MLNEPPPB_00033	40553	41078
MLNEPPPB_00034	41279	42743
MLNEPPPB_00035	42762	43566
MLNEPPPB_00036	43570	44803
MLNEPPPB_00037	44896	46444
MLNEPPPB_00038	46508	46655
MLNEPPPB_00042	47057	48191
MLNEPPPB_00043	48187	48928
MLNEPPPB_00044	49023	50442
MLNEPPPB_00045	50462	51107
MLNEPPPB_00046	51201	52527
MLNEPPPB_00047	52547	53516
MLNEPPPB_00048	53579	54302
MLNEPPPB_00049	54316	54937
MLNEPPPB_00050	55006	56023
MLNEPPPB_00051	55997	57209
MLNEPPPB_00052	57218	58136
MLNEPPPB_00054	58511	59555
MLNEPPPB_00057	60035	61382
MLNEPPPB_00058	61618	62227
MLNEPPPB_00059	62226	62874
MLNEPPPB_00060	63066	64320
MLNEPPPB_00061	64328	64655
MLNEPPPB_00062	64747	65233
MLNEPPPB_00063	65229	66318
MLNEPPPB_00064	66314	67004
MLNEPPPB_00065	67000	68209
MLNEPPPB_00066	68272	70201
MLNEPPPB_00067	70205	72080
MLNEPPPB_00068	72294	73284
MLNEPPPB_00069	73402	74287
MLNEPPPB_00070	74280	75153
MLNEPPPB_00071	75121	75874
MLNEPPPB_00072	75880	77050
MLNEPPPB_00073	77314	78604
MLNEPPPB_00074	78600	79503
MLNEPPPB_00075	79809	81033
MLNEPPPB_00076	81087	82098
MLNEPPPB_00077	82099	83023
MLNEPPPB_00078	83268	84396
MLNEPPPB_00079	84619	85636
MLNEPPPB_00080	85632	87021
MLNEPPPB_00081	87196	87799
MLNEPPPB_00082	88022	89582
MLNEPPPB_00083	89714	90695
MLNEPPPB_00084	90943	91369
MLNEPPPB_00085	92199	92481
MLNEPPPB_00086	92748	93522
MLNEPPPB_00087	93584	93920
MLNEPPPB_00088	93916	95716
MLNEPPPB_00089	95817	97149
MLNEPPPB_00090	97236	97527
MLNEPPPB_00091	97523	98099
MLNEPPPB_00092	98108	98951
MLNEPPPB_00093	98947	99757
MLNEPPPB_00094	99845	100481
MLNEPPPB_00095	100477	101257
MLNEPPPB_00096	101284	102298
MLNEPPPB_00097	102294	104376
MLNEPPPB_00098	104372	105155
MLNEPPPB_00099	105289	106819
MLNEPPPB_00100	106953	108144
MLNEPPPB_00101	108185	108731
MLNEPPPB_00102	108825	111828
MLNEPPPB_00103	111962	113432
MLNEPPPB_00104	113549	114062
MLNEPPPB_00105	114114	114585
MLNEPPPB_00106	114673	115477
MLNEPPPB_00107	115473	116082
MLNEPPPB_00108	116034	117267
MLNEPPPB_00110	117606	118212
MLNEPPPB_00112	118622	119663
MLNEPPPB_00113	119693	120722
MLNEPPPB_00114	120913	121633
MLNEPPPB_00115	121633	122404
MLNEPPPB_00116	122400	123258
MLNEPPPB_00117	123322	126082
MLNEPPPB_00118	126327	127701
MLNEPPPB_00119	127819	129409
MLNEPPPB_00120	129408	130359
MLNEPPPB_00121	130355	131222
MLNEPPPB_00122	131218	132799
MLNEPPPB_00123	132791	133898
MLNEPPPB_00124	133875	135477
MLNEPPPB_00125	135648	137010
MLNEPPPB_00126	137171	137978
MLNEPPPB_00127	138162	138900
MLNEPPPB_00128	138896	140450
MLNEPPPB_00129	140485	141457
MLNEPPPB_00130	141460	142042
MLNEPPPB_00131	142238	144803
MLNEPPPB_00132	144762	146058
MLNEPPPB_00133	146096	146966
MLNEPPPB_00134	147049	148972
MLNEPPPB_00135	149022	149403
MLNEPPPB_00136	149455	149788
MLNEPPPB_00137	149788	150928
MLNEPPPB_00138	150929	151676
MLNEPPPB_00139	151690	152713
MLNEPPPB_00140	152809	153490
MLNEPPPB_00141	153504	154830
MLNEPPPB_00142	154849	155845
MLNEPPPB_00143	155848	157513
MLNEPPPB_00144	157544	158057
MLNEPPPB_00145	158074	159328
MLNEPPPB_00146	159327	160605
MLNEPPPB_00147	160629	162027
MLNEPPPB_00148	161986	163885
MLNEPPPB_00149	164003	165005
MLNEPPPB_00150	165001	165862
MLNEPPPB_00151	165920	167087
MLNEPPPB_00152	167083	167962
MLNEPPPB_00153	167961	168690
MLNEPPPB_00154	168717	170718
MLNEPPPB_00155	170810	172769
MLNEPPPB_00156	172867	174004
MLNEPPPB_00157	174192	175149
MLNEPPPB_00158	175166	175607
MLNEPPPB_00159	175655	176336
MLNEPPPB_00160	176401	177136
MLNEPPPB_00161	177410	177707
MLNEPPPB_00162	177706	180748
MLNEPPPB_00163	180731	182138
MLNEPPPB_00164	182167	182587
MLNEPPPB_00165	182663	183191
MLNEPPPB_00166	183187	183931
MLNEPPPB_00167	184025	185036
MLNEPPPB_00168	185037	186372
MLNEPPPB_00169	186371	187349
MLNEPPPB_00170	187345	188500
MLNEPPPB_00171	188496	189129
MLNEPPPB_00172	189128	190433
MLNEPPPB_00173	190606	191290
MLNEPPPB_00174	191286	192981
MLNEPPPB_00175	192985	194704
MLNEPPPB_00176	194655	195456
MLNEPPPB_00177	195629	196286
MLNEPPPB_00178	196350	197127
MLNEPPPB_00179	197452	200263
MLNEPPPB_00180	200341	200809
MLNEPPPB_00181	201182	201290
MLNEPPPB_00182	201616	201823
MLNEPPPB_00183	202081	202555
MLNEPPPB_00184	202597	205657
MLNEPPPB_00185	205653	206862
MLNEPPPB_00186	206909	207980
MLNEPPPB_00187	207972	209283
MLNEPPPB_00188	209279	209738
MLNEPPPB_00189	209962	210580
MLNEPPPB_00190	210569	210875
MLNEPPPB_00191	211663	212548
MLNEPPPB_00192	213084	213687
MLNEPPPB_00193	213702	217419
MLNEPPPB_00194	217626	218958
MLNEPPPB_00195	218954	220016
MLNEPPPB_00196	220077	220944
MLNEPPPB_00197	220946	221738
MLNEPPPB_00198	221794	223210
MLNEPPPB_00200	224289	224727
MLNEPPPB_00201	224735	225968
MLNEPPPB_00202	226083	227763
MLNEPPPB_00203	227868	229251
MLNEPPPB_00204	229345	231928
MLNEPPPB_00205	231866	232745
MLNEPPPB_00206	232957	234283
MLNEPPPB_00207	234305	235016
MLNEPPPB_00208	235012	235642
MLNEPPPB_00209	235718	236600
MLNEPPPB_00210	236737	236989
MLNEPPPB_00211	237061	239182
MLNEPPPB_00212	239535	240837
MLNEPPPB_00213	240857	241823
MLNEPPPB_00214	241983	243726
MLNEPPPB_00215	243832	245506
MLNEPPPB_00216	245709	245931
MLNEPPPB_00217	246019	247120
MLNEPPPB_00218	247116	247986
MLNEPPPB_00219	247992	248637
MLNEPPPB_00220	248656	249790
MLNEPPPB_00221	249786	250218
MLNEPPPB_00222	250316	251204
MLNEPPPB_00223	251252	251456
MLNEPPPB_00224	251455	252019
MLNEPPPB_00225	252018	252807
MLNEPPPB_00226	252844	254485
MLNEPPPB_00227	254487	255417
MLNEPPPB_00228	255428	256889
MLNEPPPB_00229	256890	257157
MLNEPPPB_00230	257216	257615
MLNEPPPB_00231	257645	258344
MLNEPPPB_00232	258351	259479
MLNEPPPB_00233	259530	260706
MLNEPPPB_00234	261114	262395
MLNEPPPB_00235	262396	263410
MLNEPPPB_00236	263425	264346
MLNEPPPB_00237	264431	266618
MLNEPPPB_00238	266654	268709
MLNEPPPB_00239	268787	269888
MLNEPPPB_00240	269906	272225
MLNEPPPB_00241	272303	273101
MLNEPPPB_00242	273097	274090
MLNEPPPB_00243	274102	275296
MLNEPPPB_00244	275292	276471
MLNEPPPB_00246	276665	277142
MLNEPPPB_00247	277034	277292
MLNEPPPB_00248	277288	277843
MLNEPPPB_00251	278221	278935
MLNEPPPB_00252	278928	279369
MLNEPPPB_00253	279502	282439
MLNEPPPB_00254	282441	283572
MLNEPPPB_00255	283596	284097
MLNEPPPB_00256	284110	284302
MLNEPPPB_00257	284206	284824
MLNEPPPB_00258	284977	285910
MLNEPPPB_00259	285970	286705
MLNEPPPB_00260	286814	286985
MLNEPPPB_00261	287075	287792
MLNEPPPB_00262	287902	288568
MLNEPPPB_00263	288569	290195
MLNEPPPB_00264	290196	290994
MLNEPPPB_00265	291138	291402
MLNEPPPB_00266	291354	291909
MLNEPPPB_00267	291970	293641
MLNEPPPB_00269	294591	295542
MLNEPPPB_00270	295556	297866
MLNEPPPB_00271	298123	298543
MLNEPPPB_00272	298568	299855
MLNEPPPB_00273	300004	300595
MLNEPPPB_00274	300729	301359
MLNEPPPB_00275	301455	303138
MLNEPPPB_00276	303256	304213
MLNEPPPB_00277	304353	304650
MLNEPPPB_00278	304681	306805
MLNEPPPB_00279	306811	307288
MLNEPPPB_00280	307284	307515
MLNEPPPB_00281	307623	308646
MLNEPPPB_00282	308727	311118
MLNEPPPB_00283	311078	312740
MLNEPPPB_00284	312736	313705
MLNEPPPB_00285	313704	314460
MLNEPPPB_00286	314493	315300
MLNEPPPB_00287	315369	316914
MLNEPPPB_00288	316910	317063
MLNEPPPB_00289	317072	317834
MLNEPPPB_00290	317830	318691
MLNEPPPB_00291	318722	319238
MLNEPPPB_00292	319413	320028
MLNEPPPB_00293	320129	321482
MLNEPPPB_00294	321482	322436
MLNEPPPB_00295	322531	322885
MLNEPPPB_00296	322895	323867
MLNEPPPB_00297	323999	324392
MLNEPPPB_00298	324396	325083
MLNEPPPB_00299	325096	325894
MLNEPPPB_00300	326020	327235
MLNEPPPB_00301	327231	328653
MLNEPPPB_00302	328742	330767
MLNEPPPB_00303	330824	331175
MLNEPPPB_00304	331201	332293
MLNEPPPB_00305	332369	332771
MLNEPPPB_00306	332893	334561
MLNEPPPB_00307	334640	335105
MLNEPPPB_00308	335123	335579
MLNEPPPB_00309	335638	335860
MLNEPPPB_00310	336005	338114
MLNEPPPB_00311	338253	339192
MLNEPPPB_00312	339206	340232
MLNEPPPB_00313	340280	340733
MLNEPPPB_00314	340804	341500
MLNEPPPB_00315	341596	342175
MLNEPPPB_00316	342369	344139
MLNEPPPB_00317	344164	345538
MLNEPPPB_00318	345731	346232
MLNEPPPB_00319	346228	346690
MLNEPPPB_00320	346691	347231
MLNEPPPB_00321	347329	347800
MLNEPPPB_00322	347801	349391
MLNEPPPB_00323	349329	352569
MLNEPPPB_00324	352614	355881
MLNEPPPB_00325	355898	357194
MLNEPPPB_00326	357186	358989
MLNEPPPB_00327	359033	360341
MLNEPPPB_00328	360337	361015
MLNEPPPB_00329	361115	362726
MLNEPPPB_00330	362729	365195
MLNEPPPB_00331	365261	365798
MLNEPPPB_00332	365784	366927
MLNEPPPB_00333	366923	367874
MLNEPPPB_00334	368047	368350
MLNEPPPB_00335	368368	369013
MLNEPPPB_00336	369005	369383
MLNEPPPB_00337	369372	370023
MLNEPPPB_00338	369991	370666
MLNEPPPB_00339	370669	371320
MLNEPPPB_00340	371442	373449
MLNEPPPB_00341	373445	374708
MLNEPPPB_00342	374798	376796
MLNEPPPB_00343	376858	378844
MLNEPPPB_00344	378829	380068
MLNEPPPB_00345	380071	380620
MLNEPPPB_00352	381585	382290
MLNEPPPB_00353	382289	383312
MLNEPPPB_00354	383386	384484
MLNEPPPB_00355	384507	384810
MLNEPPPB_00356	384875	385691
MLNEPPPB_00357	385879	386737
MLNEPPPB_00358	386764	387454
MLNEPPPB_00359	387450	388290
MLNEPPPB_00360	388371	389406
MLNEPPPB_00361	389395	390910
MLNEPPPB_00362	390909	392475
MLNEPPPB_00363	392471	392657
MLNEPPPB_00364	392658	394059
MLNEPPPB_00365	394055	395048
MLNEPPPB_00366	395095	396319
MLNEPPPB_00367	396315	397899
MLNEPPPB_00368	397895	398432
MLNEPPPB_00369	398460	399024
MLNEPPPB_00370	399026	399572
MLNEPPPB_00371	400005	400317
MLNEPPPB_00372	400348	400906
MLNEPPPB_00373	400943	401210
MLNEPPPB_00374	401187	402426
MLNEPPPB_00375	402431	403619
MLNEPPPB_00376	403615	404215
MLNEPPPB_00377	404277	406242
MLNEPPPB_00378	406256	407207
MLNEPPPB_00379	407206	408661
MLNEPPPB_00380	408678	409344
MLNEPPPB_00381	409559	410330
MLNEPPPB_00382	410355	411351
MLNEPPPB_00383	411400	412549
MLNEPPPB_00384	412647	413565
MLNEPPPB_00385	413557	414523
MLNEPPPB_00386	414519	417258
MLNEPPPB_00387	417242	418811
MLNEPPPB_00388	418807	419572
MLNEPPPB_00389	419631	419997
MLNEPPPB_00390	420222	420783
MLNEPPPB_00391	420888	421647
MLNEPPPB_00392	421643	422078
MLNEPPPB_00393	422144	422906
MLNEPPPB_00394	422909	423242
MLNEPPPB_00395	423243	424083
MLNEPPPB_00396	424079	426644
MLNEPPPB_00397	426694	428281
MLNEPPPB_00398	428307	429789
MLNEPPPB_00399	429870	430311
MLNEPPPB_00400	430341	433134
MLNEPPPB_00401	433253	435848
MLNEPPPB_00403	436257	436977
MLNEPPPB_00404	436979	438113
MLNEPPPB_00405	438121	438871
MLNEPPPB_00406	438867	439449
MLNEPPPB_00407	439445	440240
MLNEPPPB_00408	440223	441090
MLNEPPPB_00409	441128	442121
MLNEPPPB_00410	442235	444317
MLNEPPPB_00411	444327	445071
MLNEPPPB_00412	445157	445403
MLNEPPPB_00413	445520	446300
MLNEPPPB_00414	446303	447497
MLNEPPPB_00415	447607	448615
MLNEPPPB_00416	448799	449783
MLNEPPPB_00417	449821	450826
MLNEPPPB_00418	450829	451771
MLNEPPPB_00419	451834	453844
MLNEPPPB_00420	453892	455380
MLNEPPPB_00421	455451	457317
MLNEPPPB_00422	457359	459273
MLNEPPPB_00423	459340	462181
MLNEPPPB_00424	462228	464640
MLNEPPPB_00425	464645	465635
MLNEPPPB_00426	465845	466760
MLNEPPPB_00427	466735	467488
MLNEPPPB_00428	467569	469681
MLNEPPPB_00429	469770	469875
MLNEPPPB_00430	469871	471692
MLNEPPPB_00431	471944	472535
MLNEPPPB_00432	472718	474071
MLNEPPPB_00433	474329	475787
MLNEPPPB_00434	475914	478584
MLNEPPPB_00435	478624	479044
MLNEPPPB_00436	479090	479681
MLNEPPPB_00438	480005	480221
MLNEPPPB_00439	480368	482315
MLNEPPPB_00440	482388	483837
MLNEPPPB_00441	483846	484830
MLNEPPPB_00442	484879	485752
MLNEPPPB_00443	485828	486578
MLNEPPPB_00444	486578	487427
MLNEPPPB_00445	487426	488827
MLNEPPPB_00446	488826	489297
MLNEPPPB_00447	489296	492005
MLNEPPPB_00448	492112	492736
MLNEPPPB_00449	492856	494227
MLNEPPPB_00450	494242	495661
MLNEPPPB_00451	495727	496345
MLNEPPPB_00452	496358	498737
MLNEPPPB_00453	498892	500752
MLNEPPPB_00454	500858	502238
MLNEPPPB_00455	502252	504238
MLNEPPPB_00456	504427	505783
MLNEPPPB_00457	505828	506602
MLNEPPPB_00458	506568	507882
MLNEPPPB_00459	508043	510353
MLNEPPPB_00460	510395	510938
MLNEPPPB_00461	510934	512005
MLNEPPPB_00462	512001	513957
MLNEPPPB_00463	513986	514364
MLNEPPPB_00464	514466	515501
MLNEPPPB_00465	515490	516084
MLNEPPPB_00466	516127	516757
MLNEPPPB_00467	516759	517356
MLNEPPPB_00468	517349	518252
MLNEPPPB_00469	518255	519017
MLNEPPPB_00470	519168	519411
MLNEPPPB_00471	519440	520103
MLNEPPPB_00472	520118	523073
MLNEPPPB_00473	523069	524407
MLNEPPPB_00474	524416	525370
MLNEPPPB_00475	525401	525842
MLNEPPPB_00476	525870	526659
MLNEPPPB_00477	526711	527923
MLNEPPPB_00478	528041	529280
MLNEPPPB_00479	529337	529853
MLNEPPPB_00480	529849	531118
MLNEPPPB_00481	531118	531745
MLNEPPPB_00482	531737	532916
MLNEPPPB_00483	532916	533837
MLNEPPPB_00484	533836	534466
MLNEPPPB_00485	534465	535029
MLNEPPPB_00486	535031	537020
MLNEPPPB_00487	537157	538177
MLNEPPPB_00488	538190	539441
MLNEPPPB_00489	539515	539983
MLNEPPPB_00490	539982	540450
MLNEPPPB_00491	540449	541727
MLNEPPPB_00492	541736	542489
MLNEPPPB_00493	542551	543733
MLNEPPPB_00494	543732	545175
MLNEPPPB_00495	545213	545906
MLNEPPPB_00496	546044	546662
MLNEPPPB_00497	546671	547577
MLNEPPPB_00498	547587	548796
MLNEPPPB_00499	548792	550478
MLNEPPPB_00500	550474	551335
MLNEPPPB_00501	551331	552201
MLNEPPPB_00502	552197	552338
MLNEPPPB_00503	552340	554698
MLNEPPPB_00507	560561	561821
MLNEPPPB_00508	561907	563329
MLNEPPPB_00509	563365	563881
MLNEPPPB_00510	564018	564510
MLNEPPPB_00511	564562	567214
MLNEPPPB_00512	567215	568307
MLNEPPPB_00513	568445	569324
MLNEPPPB_00514	569337	570222
MLNEPPPB_00515	570294	571047
MLNEPPPB_00516	571113	571440
MLNEPPPB_00517	571509	572331
MLNEPPPB_00518	572366	573095
MLNEPPPB_00519	573091	573937
MLNEPPPB_00520	574036	574768
MLNEPPPB_00521	574764	575817
MLNEPPPB_00522	575813	577322
MLNEPPPB_00523	577384	577513
MLNEPPPB_00524	577555	578797
MLNEPPPB_00525	578810	581861
MLNEPPPB_00526	581979	582990
MLNEPPPB_00527	583092	584493
MLNEPPPB_00529	584787	585255
MLNEPPPB_00530	585464	588197
MLNEPPPB_00531	588491	589706
MLNEPPPB_00532	589714	590635
MLNEPPPB_00533	590631	591414
MLNEPPPB_00534	591422	591707
MLNEPPPB_00535	591783	593196
MLNEPPPB_00536	593261	593612
MLNEPPPB_00537	593615	594116
MLNEPPPB_00538	594267	594759
MLNEPPPB_00539	594764	596570
MLNEPPPB_00540	596636	597146
MLNEPPPB_00541	597227	598403
MLNEPPPB_00542	598432	599662
MLNEPPPB_00543	599766	600963
MLNEPPPB_00544	600966	601518
MLNEPPPB_00545	601514	602756
MLNEPPPB_00546	602827	603724
MLNEPPPB_00547	603723	604281
MLNEPPPB_00548	604294	605014
MLNEPPPB_00549	605094	605922
MLNEPPPB_00550	605946	606780
MLNEPPPB_00551	607138	607669
MLNEPPPB_00552	607672	608584
MLNEPPPB_00553	608593	609751
MLNEPPPB_00554	609737	611312
MLNEPPPB_00555	611308	611710
MLNEPPPB_00556	611877	612177
MLNEPPPB_00557	612225	612933
MLNEPPPB_00558	612929	613682
MLNEPPPB_00559	613776	614133
MLNEPPPB_00560	614346	615660
MLNEPPPB_00561	615683	616190
MLNEPPPB_00562	616264	616504
MLNEPPPB_00563	616506	616995
MLNEPPPB_00564	617220	618309
MLNEPPPB_00565	618308	619904
MLNEPPPB_00566	619961	621197
MLNEPPPB_00567	621237	621627
MLNEPPPB_00568	621672	625248
MLNEPPPB_00569	625293	626043
MLNEPPPB_00570	626052	626694
MLNEPPPB_00571	626695	627511
MLNEPPPB_00572	627660	629364
MLNEPPPB_00573	629532	630492
MLNEPPPB_00574	630503	631154
MLNEPPPB_00575	631150	631771
MLNEPPPB_00576	631871	632033
MLNEPPPB_00577	631995	632253
MLNEPPPB_00578	632317	632563
MLNEPPPB_00579	632654	633620
MLNEPPPB_00580	633631	634291
MLNEPPPB_00581	634283	634859
MLNEPPPB_00582	635001	635724
MLNEPPPB_00583	635767	636556
MLNEPPPB_00584	636565	637702
MLNEPPPB_00585	637754	638420
MLNEPPPB_00586	638422	639910
MLNEPPPB_00587	639918	640806
MLNEPPPB_00588	640802	641696
MLNEPPPB_00589	641699	643025
MLNEPPPB_00590	643052	644057
MLNEPPPB_00591	644210	644459
MLNEPPPB_00592	644546	647822
MLNEPPPB_00593	648142	649156
MLNEPPPB_00594	649152	649884
MLNEPPPB_00595	649935	650634
MLNEPPPB_00596	650890	652351
MLNEPPPB_00597	652361	653891
MLNEPPPB_00598	653959	655117
MLNEPPPB_00599	655113	656397
MLNEPPPB_00600	656386	657202
MLNEPPPB_00601	657243	658035
MLNEPPPB_00602	658064	659339
MLNEPPPB_00603	659335	660583
MLNEPPPB_00604	660575	662243
MLNEPPPB_00605	662443	664408
MLNEPPPB_00606	664551	667107
MLNEPPPB_00607	667203	668454
MLNEPPPB_00608	668599	670648
MLNEPPPB_00609	670835	671291
MLNEPPPB_00610	671362	672373
MLNEPPPB_00611	672418	673090
MLNEPPPB_00612	673056	674190
MLNEPPPB_00613	674186	675875
MLNEPPPB_00614	675957	677010
MLNEPPPB_00616	677487	678267
MLNEPPPB_00617	678263	678686
MLNEPPPB_00618	678769	679390
MLNEPPPB_00619	679401	680682
MLNEPPPB_00620	680684	681794
MLNEPPPB_00621	681794	683318
MLNEPPPB_00622	683418	683679
MLNEPPPB_00623	683708	684029
MLNEPPPB_00624	684204	686697
MLNEPPPB_00625	687114	688665
MLNEPPPB_00626	688679	689801
MLNEPPPB_00627	689738	689858
MLNEPPPB_00628	689887	691588
MLNEPPPB_00629	691590	693426
MLNEPPPB_00630	693422	695069
MLNEPPPB_00631	695078	695735
MLNEPPPB_00632	695727	696483
MLNEPPPB_00633	696482	697049
MLNEPPPB_00634	697041	697758
MLNEPPPB_00635	697750	698260
MLNEPPPB_00636	698256	698826
MLNEPPPB_00637	698840	701000
MLNEPPPB_00638	700996	702607
MLNEPPPB_00639	702845	703037
MLNEPPPB_00640	703376	704879
MLNEPPPB_00641	704900	706202
MLNEPPPB_00642	706300	707143
MLNEPPPB_00643	707150	707531
MLNEPPPB_00644	707560	707755
MLNEPPPB_00645	707802	708474
MLNEPPPB_00646	708740	709499
MLNEPPPB_00647	709498	710167
MLNEPPPB_00648	710271	710505
MLNEPPPB_00649	710581	714109
MLNEPPPB_00650	714186	715101
MLNEPPPB_00651	715093	715633
MLNEPPPB_00652	715662	716277
MLNEPPPB_00653	716472	716781
MLNEPPPB_00654	716783	717251
MLNEPPPB_00655	717313	718060
MLNEPPPB_00656	718059	719301
MLNEPPPB_00657	719437	720565
MLNEPPPB_00658	720561	721968
MLNEPPPB_00659	721964	723095
MLNEPPPB_00660	723091	724369
MLNEPPPB_00661	724365	725847
MLNEPPPB_00662	725828	726914
MLNEPPPB_00663	726910	728305
MLNEPPPB_00664	728347	730111
MLNEPPPB_00665	730107	730503
MLNEPPPB_00666	730499	731477
MLNEPPPB_00667	731585	732017
MLNEPPPB_00668	732344	732713
MLNEPPPB_00669	732722	733940
MLNEPPPB_00670	733970	734768
MLNEPPPB_00671	734821	735976
MLNEPPPB_00672	736152	738411
MLNEPPPB_00673	738421	738901
MLNEPPPB_00674	738973	739516
MLNEPPPB_00675	739614	740304
MLNEPPPB_00676	740371	741358
MLNEPPPB_00677	741453	743397
MLNEPPPB_00678	743393	744911
MLNEPPPB_00679	745038	745656
MLNEPPPB_00680	745688	746699
MLNEPPPB_00681	746695	748219
MLNEPPPB_00682	748242	748743
MLNEPPPB_00683	748732	749332
MLNEPPPB_00684	749335	750460
MLNEPPPB_00685	750628	750877
MLNEPPPB_00686	750873	751290
MLNEPPPB_00687	751392	752037
MLNEPPPB_00688	752057	754622
MLNEPPPB_00689	754805	755744
MLNEPPPB_00690	755797	757489
MLNEPPPB_00691	757538	758096
MLNEPPPB_00692	758092	759427
MLNEPPPB_00693	759423	760035
MLNEPPPB_00694	760202	760913
MLNEPPPB_00695	760954	761251
MLNEPPPB_00696	761264	762569
MLNEPPPB_00697	762577	763450
MLNEPPPB_00698	763465	764227
MLNEPPPB_00699	764334	765006
MLNEPPPB_00700	764966	765644
MLNEPPPB_00701	765647	766976
MLNEPPPB_00702	767055	767931
MLNEPPPB_00703	767942	769499
MLNEPPPB_00704	769502	770723
MLNEPPPB_00705	770742	771876
MLNEPPPB_00706	771917	772898
MLNEPPPB_00707	772926	774237
MLNEPPPB_00708	774639	776994
MLNEPPPB_00709	777237	777507
MLNEPPPB_00710	777669	778668
MLNEPPPB_00711	778671	779682
MLNEPPPB_00712	779681	780128
MLNEPPPB_00713	780146	780392
MLNEPPPB_00714	780404	780794
MLNEPPPB_00718	786640	788068
MLNEPPPB_00719	788293	789790
MLNEPPPB_00720	789789	791295
MLNEPPPB_00721	791294	791627
MLNEPPPB_00722	791667	792930
MLNEPPPB_00723	792949	795250
MLNEPPPB_00724	795267	795489
MLNEPPPB_00725	795632	798629
MLNEPPPB_00726	798774	799023
MLNEPPPB_00727	799122	801393
MLNEPPPB_00728	801656	803798
MLNEPPPB_00729	804655	804865
MLNEPPPB_00730	804861	805668
MLNEPPPB_00731	805483	806572
MLNEPPPB_00732	806637	807309
MLNEPPPB_00734	807926	810131
MLNEPPPB_00735	810127	812722
MLNEPPPB_00736	812800	813328
MLNEPPPB_00737	813368	814640
MLNEPPPB_00738	814644	815559
MLNEPPPB_00739	815558	816248
MLNEPPPB_00740	816354	817482
MLNEPPPB_00741	817603	818749
MLNEPPPB_00742	818770	820546
MLNEPPPB_00743	820702	821761
MLNEPPPB_00744	821892	822567
MLNEPPPB_00745	822563	823391
MLNEPPPB_00746	823509	824121
MLNEPPPB_00747	824300	825728
MLNEPPPB_00748	825814	827008
MLNEPPPB_00749	827051	830459
MLNEPPPB_00750	830461	833698
MLNEPPPB_00751	833733	834519
MLNEPPPB_00752	834777	835002
MLNEPPPB_00753	835042	835666
MLNEPPPB_00754	835849	837457
MLNEPPPB_00755	837466	838546
MLNEPPPB_00756	838678	839053
MLNEPPPB_00757	839124	839913
MLNEPPPB_00758	839863	840103
MLNEPPPB_00759	840219	840825
MLNEPPPB_00760	840883	841696
MLNEPPPB_00761	841695	842424
MLNEPPPB_00762	842440	842806
MLNEPPPB_00763	842993	845360
MLNEPPPB_00764	845470	846109
MLNEPPPB_00765	846105	846885
MLNEPPPB_00766	847008	848541
MLNEPPPB_00767	848544	849264
MLNEPPPB_00768	849351	850656
MLNEPPPB_00769	850648	851203
MLNEPPPB_00770	851245	852376
MLNEPPPB_00771	852473	853109
MLNEPPPB_00772	853330	854956
MLNEPPPB_00773	854957	855629
MLNEPPPB_00774	855621	856653
MLNEPPPB_00775	856649	858941
MLNEPPPB_00776	858937	859795
MLNEPPPB_00777	859797	860535
MLNEPPPB_00778	860517	860682
MLNEPPPB_00779	860760	861495
MLNEPPPB_00780	861503	862574
MLNEPPPB_00781	862575	863640
MLNEPPPB_00782	863704	864298
MLNEPPPB_00783	864436	865417
MLNEPPPB_00784	865469	866501
MLNEPPPB_00786	866695	867313
MLNEPPPB_00787	867355	868840
MLNEPPPB_00788	869050	870727
MLNEPPPB_00789	870740	871394
MLNEPPPB_00790	871413	872121
MLNEPPPB_00791	872198	873482
MLNEPPPB_00792	873563	873980
MLNEPPPB_00793	874007	875282
MLNEPPPB_00794	875278	876541
MLNEPPPB_00795	876540	878103
MLNEPPPB_00796	878205	879309
MLNEPPPB_00797	879313	879526
MLNEPPPB_00798	879626	881654
MLNEPPPB_00799	882067	884341
MLNEPPPB_00800	884665	885760
MLNEPPPB_00801	885744	887439
MLNEPPPB_00802	887519	887798
MLNEPPPB_00803	888007	889918
MLNEPPPB_00804	889918	890908
MLNEPPPB_00805	890900	891899
MLNEPPPB_00806	891916	893290
MLNEPPPB_00807	893286	894411
MLNEPPPB_00808	894689	895496
MLNEPPPB_00809	895492	897643
MLNEPPPB_00810	897660	897789
MLNEPPPB_00811	897773	898685
MLNEPPPB_00812	898694	899279
MLNEPPPB_00813	899365	902770
MLNEPPPB_00814	902874	904731
MLNEPPPB_00815	904817	905423
MLNEPPPB_00816	905481	906633
MLNEPPPB_00817	906617	908195
MLNEPPPB_00818	908222	909557
MLNEPPPB_00819	909559	910300
MLNEPPPB_00820	910727	911774
MLNEPPPB_00821	911883	912741
MLNEPPPB_00822	912805	913405
MLNEPPPB_00823	913460	914138
MLNEPPPB_00824	914260	915403
MLNEPPPB_00825	915479	915773
MLNEPPPB_00826	915840	917232
MLNEPPPB_00827	917657	918452
MLNEPPPB_00828	918795	919440
MLNEPPPB_00829	919743	920790
MLNEPPPB_00830	920952	921876
MLNEPPPB_00831	921862	922624
MLNEPPPB_00832	922644	923385
MLNEPPPB_00833	923726	924890
MLNEPPPB_00834	924953	925499
MLNEPPPB_00835	925517	926495
MLNEPPPB_00836	926659	927448
MLNEPPPB_00837	927520	928288
MLNEPPPB_00838	928147	928438
MLNEPPPB_00839	928585	929791
MLNEPPPB_00840	929862	930327
MLNEPPPB_00841	930326	930950
MLNEPPPB_00842	931041	931608
MLNEPPPB_00843	931698	932166
MLNEPPPB_00844	932231	933650
MLNEPPPB_00845	933646	934681
MLNEPPPB_00846	934726	935305
MLNEPPPB_00847	935384	936155
MLNEPPPB_00848	936211	937171
MLNEPPPB_00849	937201	938224
MLNEPPPB_00850	938360	939230
MLNEPPPB_00851	939403	941710
MLNEPPPB_00852	941747	942602
MLNEPPPB_00853	942598	943180
MLNEPPPB_00854	943361	944933
MLNEPPPB_00855	945006	946470
MLNEPPPB_00856	946466	947390
MLNEPPPB_00857	947408	948581
MLNEPPPB_00858	948663	949071
MLNEPPPB_00859	949061	951521
MLNEPPPB_00860	951523	953014
MLNEPPPB_00861	953121	953778
MLNEPPPB_00862	953805	955101
MLNEPPPB_00863	955214	956738
MLNEPPPB_00864	956749	957454
MLNEPPPB_00865	957568	959410
MLNEPPPB_00866	959496	960069
MLNEPPPB_00867	960087	960942
MLNEPPPB_00868	961007	962858
MLNEPPPB_00872	969033	970440
MLNEPPPB_00874	970744	971527
MLNEPPPB_00875	971590	971737
MLNEPPPB_00876	971881	972580
MLNEPPPB_00877	972592	973822
MLNEPPPB_00878	973821	974781
MLNEPPPB_00879	974810	975425
MLNEPPPB_00880	975604	975997
MLNEPPPB_00881	976071	976308
MLNEPPPB_00882	976323	980400
MLNEPPPB_00883	980515	982204
MLNEPPPB_00884	982295	982544
MLNEPPPB_00885	982540	984571
MLNEPPPB_00886	984567	984744
MLNEPPPB_00887	985002	988035
MLNEPPPB_00888	988164	989124
MLNEPPPB_00889	989136	990930
MLNEPPPB_00890	990962	993992
MLNEPPPB_00891	994193	995936
MLNEPPPB_00892	996788	998063
MLNEPPPB_00893	998534	999842
MLNEPPPB_00894	1000221	1001532
MLNEPPPB_00895	1001823	1003221
MLNEPPPB_00896	1003472	1004738
MLNEPPPB_00898	1005011	1005941
MLNEPPPB_00899	1006071	1006791
MLNEPPPB_00900	1007092	1007821
MLNEPPPB_00901	1007917	1009201
MLNEPPPB_00902	1009325	1010771
MLNEPPPB_00903	1010888	1011650
MLNEPPPB_00904	1011642	1012017
MLNEPPPB_00905	1012111	1014154
MLNEPPPB_00906	1014205	1014922
MLNEPPPB_00907	1014975	1015548
MLNEPPPB_00908	1015607	1017122
MLNEPPPB_00909	1017463	1018390
MLNEPPPB_00910	1018512	1020111
MLNEPPPB_00911	1020172	1020607
MLNEPPPB_00912	1020599	1021541
MLNEPPPB_00913	1021598	1022525
MLNEPPPB_00914	1022533	1024285
MLNEPPPB_00915	1024281	1024791
MLNEPPPB_00916	1024889	1025609
MLNEPPPB_00917	1025612	1027112
MLNEPPPB_00918	1027246	1028536
MLNEPPPB_00919	1028706	1028997
MLNEPPPB_00920	1029072	1030698
MLNEPPPB_00922	1031062	1031866
MLNEPPPB_00923	1032135	1032519
MLNEPPPB_00924	1032605	1033127
MLNEPPPB_00925	1033381	1035142
MLNEPPPB_00926	1035143	1036961
MLNEPPPB_00927	1036960	1038415
MLNEPPPB_00928	1038411	1039104
MLNEPPPB_00929	1039180	1039780
MLNEPPPB_00930	1039947	1040664
MLNEPPPB_00931	1040730	1041165
MLNEPPPB_00932	1041341	1042154
MLNEPPPB_00933	1042245	1042542
MLNEPPPB_00935	1042746	1044006
MLNEPPPB_00936	1044135	1044945
MLNEPPPB_00937	1045227	1045404
MLNEPPPB_00938	1045535	1046345
MLNEPPPB_00939	1046326	1047436
MLNEPPPB_00940	1047511	1047952
MLNEPPPB_00941	1047948	1048347
MLNEPPPB_00942	1048399	1049488
MLNEPPPB_00943	1049497	1050748
MLNEPPPB_00944	1050853	1051528
MLNEPPPB_00945	1051537	1052458
MLNEPPPB_00946	1052563	1053481
MLNEPPPB_00947	1053480	1054341
MLNEPPPB_00948	1054340	1056395
MLNEPPPB_00949	1056398	1057355
MLNEPPPB_00950	1057472	1059044
MLNEPPPB_00951	1059194	1060229
MLNEPPPB_00952	1060312	1060483
MLNEPPPB_00956	1060984	1061488
MLNEPPPB_00957	1061624	1062506
MLNEPPPB_00958	1062531	1064034
MLNEPPPB_00959	1064125	1065136
MLNEPPPB_00960	1065132	1066704
MLNEPPPB_00961	1066700	1068257
MLNEPPPB_00962	1068270	1070247
MLNEPPPB_00963	1070260	1070560
MLNEPPPB_00964	1070556	1071504
MLNEPPPB_00965	1071500	1072160
MLNEPPPB_00966	1072152	1073472
MLNEPPPB_00967	1073468	1076033
MLNEPPPB_00968	1076029	1077325
MLNEPPPB_00969	1077317	1078016
MLNEPPPB_00970	1078012	1079362
MLNEPPPB_00971	1079361	1080057
MLNEPPPB_00972	1080053	1080608
MLNEPPPB_00973	1080623	1080983
MLNEPPPB_00974	1081017	1082295
MLNEPPPB_00975	1082620	1083805
MLNEPPPB_00976	1083928	1084645
MLNEPPPB_00977	1084721	1086008
MLNEPPPB_00978	1086009	1087386
MLNEPPPB_00979	1087429	1089136
MLNEPPPB_00980	1089146	1090208
MLNEPPPB_00981	1090219	1092379
MLNEPPPB_00982	1092392	1093301
MLNEPPPB_00983	1093297	1094230
MLNEPPPB_00984	1094328	1095657
MLNEPPPB_00985	1095802	1098103
MLNEPPPB_00986	1098254	1099127
MLNEPPPB_00987	1099123	1100044
MLNEPPPB_00988	1100040	1100967
MLNEPPPB_00989	1100989	1101826
MLNEPPPB_00990	1101920	1103285
MLNEPPPB_00991	1103379	1104357
MLNEPPPB_00992	1104578	1106204
MLNEPPPB_00993	1106299	1107481
MLNEPPPB_00994	1107683	1108709
MLNEPPPB_00995	1108851	1110297
MLNEPPPB_00996	1110449	1111778
MLNEPPPB_00997	1111774	1112698
MLNEPPPB_00998	1112720	1113116
MLNEPPPB_00999	1113105	1113771
MLNEPPPB_01000	1113884	1113983
MLNEPPPB_01001	1114065	1114284
MLNEPPPB_01002	1114475	1116026
MLNEPPPB_01003	1116091	1116760
MLNEPPPB_01004	1116933	1118196
MLNEPPPB_01005	1118267	1119338
MLNEPPPB_01006	1119349	1120183
MLNEPPPB_01007	1120182	1120722
MLNEPPPB_01008	1120718	1123229
MLNEPPPB_01009	1123215	1124076
MLNEPPPB_01010	1124072	1124645
MLNEPPPB_01011	1124641	1126711
MLNEPPPB_01012	1126722	1127277
MLNEPPPB_01013	1127341	1128487
MLNEPPPB_01014	1128483	1129293
MLNEPPPB_01015	1129318	1130698
MLNEPPPB_01016	1130805	1131303
MLNEPPPB_01017	1132000	1132930
MLNEPPPB_01018	1132905	1133403
MLNEPPPB_01019	1133307	1134243
MLNEPPPB_01020	1134239	1134917
MLNEPPPB_01021	1134913	1135549
MLNEPPPB_01022	1135545	1136370
MLNEPPPB_01023	1137008	1138298
MLNEPPPB_01024	1138515	1139706
MLNEPPPB_01025	1139757	1140975
MLNEPPPB_01026	1141245	1142559
MLNEPPPB_01027	1142611	1143400
MLNEPPPB_01028	1143809	1144454
MLNEPPPB_01029	1144636	1147348
MLNEPPPB_01030	1147497	1149057
MLNEPPPB_01031	1149074	1149929
MLNEPPPB_01032	1150084	1150840
MLNEPPPB_01033	1150914	1152822
MLNEPPPB_01034	1152930	1153221
MLNEPPPB_01035	1153414	1156219
MLNEPPPB_01036	1156219	1156567
MLNEPPPB_01037	1156706	1159550
MLNEPPPB_01038	1159546	1159906
MLNEPPPB_01039	1160123	1164095
MLNEPPPB_01040	1164262	1165654
MLNEPPPB_01041	1165650	1167045
MLNEPPPB_01042	1167050	1168805
MLNEPPPB_01043	1168826	1169180
MLNEPPPB_01044	1169350	1169983
MLNEPPPB_01045	1169982	1171689
MLNEPPPB_01046	1171713	1172364
MLNEPPPB_01047	1172423	1172735
MLNEPPPB_01048	1172751	1173072
MLNEPPPB_01049	1173251	1174562
MLNEPPPB_01050	1174561	1175905
MLNEPPPB_01051	1175880	1177194
MLNEPPPB_01052	1177310	1179266
MLNEPPPB_01053	1179262	1181770
MLNEPPPB_01054	1181769	1183071
MLNEPPPB_01055	1183113	1184079
MLNEPPPB_01056	1184181	1190268
MLNEPPPB_01057	1190580	1193046
MLNEPPPB_01058	1193267	1193489
MLNEPPPB_01059	1193518	1193944
MLNEPPPB_01060	1194037	1195342
MLNEPPPB_01061	1195342	1195933
MLNEPPPB_01062	1196147	1197287
MLNEPPPB_01063	1197548	1198835
MLNEPPPB_01064	1199102	1199615
MLNEPPPB_01065	1199768	1200374
MLNEPPPB_01066	1200428	1201415
MLNEPPPB_01067	1201514	1202060
MLNEPPPB_01068	1202086	1203550
MLNEPPPB_01069	1203623	1205075
MLNEPPPB_01070	1205193	1205697
MLNEPPPB_01071	1205718	1207101
MLNEPPPB_01072	1207190	1208021
MLNEPPPB_01073	1208017	1208557
MLNEPPPB_01074	1208840	1209923
MLNEPPPB_01075	1210372	1211110
MLNEPPPB_01076	1211261	1212485
MLNEPPPB_01077	1212504	1213038
MLNEPPPB_01078	1213262	1214267
MLNEPPPB_01079	1214416	1214743
MLNEPPPB_01080	1214975	1215431
MLNEPPPB_01081	1215490	1216759
MLNEPPPB_01082	1216832	1217858
MLNEPPPB_01084	1218572	1219157
MLNEPPPB_01085	1219272	1219737
MLNEPPPB_01086	1219871	1220675
MLNEPPPB_01087	1220730	1221285
MLNEPPPB_01088	1221706	1223551
MLNEPPPB_01089	1223652	1224813
MLNEPPPB_01090	1224857	1226204
MLNEPPPB_01091	1226450	1227809
MLNEPPPB_01092	1227813	1228995
MLNEPPPB_01093	1229088	1230306
MLNEPPPB_01094	1230374	1232288
MLNEPPPB_01095	1232553	1233453
MLNEPPPB_01096	1233580	1234540
MLNEPPPB_01097	1234614	1236126
MLNEPPPB_01098	1236134	1237505
MLNEPPPB_01099	1237587	1238415
MLNEPPPB_01100	1238414	1239290
MLNEPPPB_01101	1239398	1240730
MLNEPPPB_01102	1241019	1241973
MLNEPPPB_01104	1242353	1243289
MLNEPPPB_01105	1243285	1243984
MLNEPPPB_01106	1244082	1246686
MLNEPPPB_01107	1246721	1247588
MLNEPPPB_01108	1247781	1249455
MLNEPPPB_01109	1249521	1250256
MLNEPPPB_01110	1250265	1251195
MLNEPPPB_01111	1251191	1252859
MLNEPPPB_01112	1252855	1253941
MLNEPPPB_01113	1254183	1255650
MLNEPPPB_01114	1255718	1256198
MLNEPPPB_01115	1256286	1257939
MLNEPPPB_01116	1257959	1259153
MLNEPPPB_01117	1259149	1259884
MLNEPPPB_01118	1259957	1262681
MLNEPPPB_01119	1263060	1263486
MLNEPPPB_01120	1263714	1264809
MLNEPPPB_01121	1265042	1265375
MLNEPPPB_01122	1265488	1265581
MLNEPPPB_01123	1265540	1267538
MLNEPPPB_01124	1267676	1267940
MLNEPPPB_01125	1267942	1268209
MLNEPPPB_01126	1268220	1269714
MLNEPPPB_01127	1269719	1271297
MLNEPPPB_01128	1271443	1272409
MLNEPPPB_01129	1272536	1273133
MLNEPPPB_01130	1273226	1274213
MLNEPPPB_01131	1274357	1278968
MLNEPPPB_01132	1279026	1279773
MLNEPPPB_01133	1279950	1281177
MLNEPPPB_01134	1281270	1281705
MLNEPPPB_01135	1281694	1282027
MLNEPPPB_01136	1282169	1282427
MLNEPPPB_01137	1282654	1284544
MLNEPPPB_01138	1284623	1285913
MLNEPPPB_01139	1285915	1286497
MLNEPPPB_01140	1286593	1287475
MLNEPPPB_01141	1287503	1288364
MLNEPPPB_01142	1288363	1289305
MLNEPPPB_01143	1289306	1290674
MLNEPPPB_01144	1290914	1291883
MLNEPPPB_01145	1291889	1292702
MLNEPPPB_01146	1292815	1293046
MLNEPPPB_01147	1293116	1294448
MLNEPPPB_01148	1294444	1295281
MLNEPPPB_01149	1295277	1296354
MLNEPPPB_01150	1296533	1296926
MLNEPPPB_01151	1297077	1298163
MLNEPPPB_01153	1298583	1299048
MLNEPPPB_01154	1299112	1299820
MLNEPPPB_01155	1299933	1300305
MLNEPPPB_01156	1300447	1301497
MLNEPPPB_01157	1301528	1302845
MLNEPPPB_01158	1303030	1304755
MLNEPPPB_01159	1304823	1305771
MLNEPPPB_01160	1305907	1307572
MLNEPPPB_01161	1307580	1308306
MLNEPPPB_01162	1308337	1308934
MLNEPPPB_01163	1308937	1311586
MLNEPPPB_01164	1311744	1317963
MLNEPPPB_01165	1318284	1319298
MLNEPPPB_01166	1319490	1319772
MLNEPPPB_01168	1320325	1320877
MLNEPPPB_01169	1320972	1322340
MLNEPPPB_01170	1322472	1323936
MLNEPPPB_01171	1323922	1324477
MLNEPPPB_01172	1324493	1325093
MLNEPPPB_01173	1325132	1325531
MLNEPPPB_01174	1325725	1326451
MLNEPPPB_01175	1326447	1328319
MLNEPPPB_01176	1328529	1329600
MLNEPPPB_01177	1329764	1330283
MLNEPPPB_01178	1330279	1330867
MLNEPPPB_01179	1330863	1333305
MLNEPPPB_01180	1333331	1333847
MLNEPPPB_01181	1333846	1334239
MLNEPPPB_01182	1334235	1334436
MLNEPPPB_01183	1334568	1335606
MLNEPPPB_01184	1335605	1336745
MLNEPPPB_01185	1336741	1337764
MLNEPPPB_01186	1337893	1338754
MLNEPPPB_01187	1338769	1339675
MLNEPPPB_01188	1339759	1341253
MLNEPPPB_01189	1341249	1342164
MLNEPPPB_01190	1342360	1343044
MLNEPPPB_01191	1343127	1343289
MLNEPPPB_01192	1343320	1343734
MLNEPPPB_01193	1343773	1346050
MLNEPPPB_01194	1346053	1347031
MLNEPPPB_01196	1347325	1348090
MLNEPPPB_01197	1348102	1349299
MLNEPPPB_01198	1349391	1350384
MLNEPPPB_01199	1350517	1351315
MLNEPPPB_01200	1351339	1351729
MLNEPPPB_01201	1351761	1353378
MLNEPPPB_01202	1353374	1353605
MLNEPPPB_01203	1353776	1355222
MLNEPPPB_01204	1355239	1355788
MLNEPPPB_01205	1355787	1357173
MLNEPPPB_01206	1357335	1358598
MLNEPPPB_01207	1358752	1359037
MLNEPPPB_01209	1359411	1361853
MLNEPPPB_01210	1361997	1363404
MLNEPPPB_01211	1363403	1364255
MLNEPPPB_01212	1364290	1365172
MLNEPPPB_01213	1365231	1365870
MLNEPPPB_01214	1365997	1367185
MLNEPPPB_01215	1367138	1368050
MLNEPPPB_01216	1368059	1369340
MLNEPPPB_01217	1369420	1370596
MLNEPPPB_01219	1370991	1371129
MLNEPPPB_01221	1371457	1371850
MLNEPPPB_01222	1371846	1374468
MLNEPPPB_01223	1374530	1376561
MLNEPPPB_01224	1376762	1377413
MLNEPPPB_01225	1377405	1378566
MLNEPPPB_01226	1378578	1379712
MLNEPPPB_01227	1380105	1381560
MLNEPPPB_01228	1381942	1382083
MLNEPPPB_01229	1382094	1382463
MLNEPPPB_01230	1382459	1382867
MLNEPPPB_01231	1382878	1384186
MLNEPPPB_01232	1384248	1384770
MLNEPPPB_01233	1384770	1385436
MLNEPPPB_01234	1385535	1386405
MLNEPPPB_01235	1386564	1387839
MLNEPPPB_01236	1388082	1388715
MLNEPPPB_01237	1388792	1389743
MLNEPPPB_01238	1389761	1391081
MLNEPPPB_01239	1391180	1391885
MLNEPPPB_01240	1392015	1392756
MLNEPPPB_01241	1392752	1394102
MLNEPPPB_01242	1394398	1395139
MLNEPPPB_01243	1395318	1395687
MLNEPPPB_01244	1395683	1396145
MLNEPPPB_01245	1396186	1396348
MLNEPPPB_01246	1396381	1396630
MLNEPPPB_01247	1396633	1397566
MLNEPPPB_01248	1397592	1400574
MLNEPPPB_01249	1400570	1403063
MLNEPPPB_01250	1403059	1403599
MLNEPPPB_01251	1403766	1405383
MLNEPPPB_01252	1405467	1407873
MLNEPPPB_01253	1408022	1408481
MLNEPPPB_01254	1408502	1408745
MLNEPPPB_01255	1408834	1409398
MLNEPPPB_01256	1409447	1409738
MLNEPPPB_01257	1409937	1411527
MLNEPPPB_01258	1411835	1413179
MLNEPPPB_01259	1413178	1413757
MLNEPPPB_01260	1413731	1414673
MLNEPPPB_01261	1414731	1415244
MLNEPPPB_01262	1415402	1416023
MLNEPPPB_01263	1416129	1417119
MLNEPPPB_01264	1417214	1418015
MLNEPPPB_01265	1418069	1419224
MLNEPPPB_01266	1419274	1419904
MLNEPPPB_01267	1419915	1421622
MLNEPPPB_01268	1422051	1425363
MLNEPPPB_01269	1425367	1426279
MLNEPPPB_01270	1429707	1430808
MLNEPPPB_01271	1431000	1433064
MLNEPPPB_01272	1433098	1434346
MLNEPPPB_01273	1434556	1435435
MLNEPPPB_01274	1435434	1436376
MLNEPPPB_01275	1436623	1438366
MLNEPPPB_01276	1438695	1441353
MLNEPPPB_01277	1441569	1442829
MLNEPPPB_01278	1442825	1444088
MLNEPPPB_01279	1444084	1445020
MLNEPPPB_01280	1445016	1445544
MLNEPPPB_01281	1445543	1446296
MLNEPPPB_01282	1446301	1447120
MLNEPPPB_01283	1447112	1447970
MLNEPPPB_01284	1447963	1448791
MLNEPPPB_01285	1448818	1449418
MLNEPPPB_01286	1449407	1450160
MLNEPPPB_01287	1450351	1450744
MLNEPPPB_01288	1450920	1451721
MLNEPPPB_01289	1451749	1452448
MLNEPPPB_01290	1452746	1453217
MLNEPPPB_01291	1453213	1453780
MLNEPPPB_01292	1453772	1454063
MLNEPPPB_01293	1454092	1454368
MLNEPPPB_01294	1454406	1455921
MLNEPPPB_01295	1455917	1456655
MLNEPPPB_01296	1456663	1457452
MLNEPPPB_01297	1457652	1457916
MLNEPPPB_01298	1458345	1459038
MLNEPPPB_01299	1459112	1459529
MLNEPPPB_01300	1459525	1460350
MLNEPPPB_01301	1460378	1462034
MLNEPPPB_01302	1462036	1462669
MLNEPPPB_01303	1462692	1463055
MLNEPPPB_01304	1463524	1465273
MLNEPPPB_01305	1465274	1467227
MLNEPPPB_01306	1467234	1468122
MLNEPPPB_01307	1468188	1468971
MLNEPPPB_01308	1468970	1469849
MLNEPPPB_01309	1469947	1470829
MLNEPPPB_01310	1471056	1471248
MLNEPPPB_01311	1471362	1471956
MLNEPPPB_01312	1472050	1474333
MLNEPPPB_01313	1474346	1474823
MLNEPPPB_01314	1474819	1476211
MLNEPPPB_01315	1476200	1477661
MLNEPPPB_01316	1477795	1478179
MLNEPPPB_01317	1478198	1479119
MLNEPPPB_01318	1479187	1479772
MLNEPPPB_01319	1479894	1480485
MLNEPPPB_01320	1480638	1481160
MLNEPPPB_01321	1481173	1482076
MLNEPPPB_01322	1482084	1482849
MLNEPPPB_01323	1483332	1483761
MLNEPPPB_01324	1483948	1484677
MLNEPPPB_01325	1484669	1485416
MLNEPPPB_01326	1485429	1485582
MLNEPPPB_01327	1485695	1487702
MLNEPPPB_01328	1487674	1489222
MLNEPPPB_01329	1489218	1490676
MLNEPPPB_01330	1490672	1492091
MLNEPPPB_01331	1492090	1493431
MLNEPPPB_01332	1493432	1493909
MLNEPPPB_01333	1493905	1494607
MLNEPPPB_01334	1494838	1497475
MLNEPPPB_01335	1497556	1498519
MLNEPPPB_01336	1498657	1499968
MLNEPPPB_01337	1500112	1500442
MLNEPPPB_01338	1500441	1501191
MLNEPPPB_01339	1501446	1502583
MLNEPPPB_01340	1502715	1503774
MLNEPPPB_01341	1503785	1505969
MLNEPPPB_01342	1506084	1506645
MLNEPPPB_01343	1506771	1507668
MLNEPPPB_01344	1507758	1510302
MLNEPPPB_01345	1510307	1511039
MLNEPPPB_01346	1511211	1512987
MLNEPPPB_01347	1512993	1513380
MLNEPPPB_01348	1513424	1514111
MLNEPPPB_01349	1513949	1516106
MLNEPPPB_01350	1516075	1516492
MLNEPPPB_01351	1516584	1516845
MLNEPPPB_01352	1517573	1521998
MLNEPPPB_01353	1522078	1523704
MLNEPPPB_01354	1523809	1524874
MLNEPPPB_01355	1524956	1527353
MLNEPPPB_01356	1527355	1528120
MLNEPPPB_01357	1528131	1528620
MLNEPPPB_01358	1528616	1529462
MLNEPPPB_01359	1529559	1530654
MLNEPPPB_01360	1530756	1531305
MLNEPPPB_01361	1531355	1531868
MLNEPPPB_01362	1531876	1536625
MLNEPPPB_01363	1536670	1537450
MLNEPPPB_01364	1537630	1537906
MLNEPPPB_01365	1537927	1539070
MLNEPPPB_01366	1539188	1539938
MLNEPPPB_01367	1539934	1541434
MLNEPPPB_01368	1541741	1542443
MLNEPPPB_01370	1543046	1544993
MLNEPPPB_01371	1545461	1552865
MLNEPPPB_01374	1553388	1554753
MLNEPPPB_01375	1554868	1556602
MLNEPPPB_01376	1556758	1557976
MLNEPPPB_01377	1557968	1559306
MLNEPPPB_01378	1559302	1560727
MLNEPPPB_01379	1560866	1562186
MLNEPPPB_01380	1562187	1563438
MLNEPPPB_01381	1563852	1565463
MLNEPPPB_01382	1565770	1566694
MLNEPPPB_01383	1566686	1567655
MLNEPPPB_01384	1567651	1569496
MLNEPPPB_01385	1569685	1570786
MLNEPPPB_01386	1570930	1572856
MLNEPPPB_01387	1572848	1573919
MLNEPPPB_01388	1573920	1574748
MLNEPPPB_01389	1574878	1576261
MLNEPPPB_01390	1576480	1577515
MLNEPPPB_01391	1577667	1578291
MLNEPPPB_01392	1578287	1578665
MLNEPPPB_01393	1578736	1579822
MLNEPPPB_01394	1579818	1580541
MLNEPPPB_01395	1580660	1581500
MLNEPPPB_01396	1581643	1582282
MLNEPPPB_01397	1582339	1583185
MLNEPPPB_01398	1583303	1583930
MLNEPPPB_01399	1583926	1584475
MLNEPPPB_01400	1584482	1593623
MLNEPPPB_01401	1593642	1595232
MLNEPPPB_01402	1595228	1597028
MLNEPPPB_01403	1597024	1597831
MLNEPPPB_01404	1598020	1598761
MLNEPPPB_01405	1598896	1599190
MLNEPPPB_01406	1599312	1600914
MLNEPPPB_01410	1601742	1603551
MLNEPPPB_01411	1603553	1604021
MLNEPPPB_01412	1604028	1604946
MLNEPPPB_01413	1604942	1605881
MLNEPPPB_01415	1606034	1606673
MLNEPPPB_01416	1606803	1608078
MLNEPPPB_01417	1608079	1609030
MLNEPPPB_01418	1609026	1609881
MLNEPPPB_01419	1609877	1611335
MLNEPPPB_01420	1611367	1612462
MLNEPPPB_01421	1612466	1612904
MLNEPPPB_01422	1612917	1613979
MLNEPPPB_01423	1613982	1614615
MLNEPPPB_01424	1614918	1616757
MLNEPPPB_01425	1616872	1618891
MLNEPPPB_01426	1618965	1619955
MLNEPPPB_01427	1619951	1620920
MLNEPPPB_01428	1620909	1621392
MLNEPPPB_01429	1621388	1622402
MLNEPPPB_01430	1622516	1623947
MLNEPPPB_01431	1624035	1625136
MLNEPPPB_01432	1625125	1626136
MLNEPPPB_01433	1626241	1626790
MLNEPPPB_01434	1626921	1627050
MLNEPPPB_01435	1627160	1628615
MLNEPPPB_01436	1628623	1629661
MLNEPPPB_01437	1629765	1630059
MLNEPPPB_01438	1630045	1630417
MLNEPPPB_01440	1630769	1631033
MLNEPPPB_01441	1631513	1632830
MLNEPPPB_01442	1632880	1633342
MLNEPPPB_01443	1633380	1634226
MLNEPPPB_01444	1634406	1635141
MLNEPPPB_01445	1635261	1636011
MLNEPPPB_01446	1636007	1637012
MLNEPPPB_01447	1637054	1638740
MLNEPPPB_01448	1638752	1639265
MLNEPPPB_01449	1639319	1640630
MLNEPPPB_01450	1640891	1641350
MLNEPPPB_01451	1641403	1641844
MLNEPPPB_01452	1641914	1643069
MLNEPPPB_01453	1643072	1644158
MLNEPPPB_01454	1644306	1649616
MLNEPPPB_01455	1649725	1651519
MLNEPPPB_01456	1651779	1652886
MLNEPPPB_01457	1653066	1653522
MLNEPPPB_01458	1653775	1655629
MLNEPPPB_01459	1655625	1656279
MLNEPPPB_01460	1656324	1657368
MLNEPPPB_01461	1657367	1657889
MLNEPPPB_01462	1657970	1658579
MLNEPPPB_01463	1658644	1659982
MLNEPPPB_01464	1659978	1660752
MLNEPPPB_01465	1660714	1661560
MLNEPPPB_01466	1661754	1664370
MLNEPPPB_01467	1664483	1665257
MLNEPPPB_01468	1665260	1666067
MLNEPPPB_01469	1666050	1666836
MLNEPPPB_01470	1666875	1667637
MLNEPPPB_01471	1667722	1670527
MLNEPPPB_01472	1670656	1671127
MLNEPPPB_01473	1671123	1673223
MLNEPPPB_01474	1673223	1674696
MLNEPPPB_01475	1674775	1675303
MLNEPPPB_01476	1675313	1676132
MLNEPPPB_01477	1676181	1676802
MLNEPPPB_01478	1676798	1677548
MLNEPPPB_01479	1677571	1678990
MLNEPPPB_01480	1679095	1680226
MLNEPPPB_01481	1680434	1682285
MLNEPPPB_01482	1682396	1683248
MLNEPPPB_01484	1683713	1685273
MLNEPPPB_01485	1685410	1685632
MLNEPPPB_01486	1685622	1687305
MLNEPPPB_01487	1687301	1687607
MLNEPPPB_01488	1687702	1687882
MLNEPPPB_01489	1688004	1688382
MLNEPPPB_01490	1688609	1688984
MLNEPPPB_01491	1689372	1689564
MLNEPPPB_01492	1690504	1690861
MLNEPPPB_01493	1691442	1691742
MLNEPPPB_01494	1691964	1692651
MLNEPPPB_01495	1693009	1694314
MLNEPPPB_01496	1694321	1696292
MLNEPPPB_01497	1696511	1699892
MLNEPPPB_01498	1699979	1700666
MLNEPPPB_01499	1700786	1701374
MLNEPPPB_01501	1701744	1705230
MLNEPPPB_01502	1705239	1709145
MLNEPPPB_01503	1709377	1710847
MLNEPPPB_01504	1711209	1711992
MLNEPPPB_01505	1712347	1712488
MLNEPPPB_01506	1713015	1713390
MLNEPPPB_01507	1713389	1713860
MLNEPPPB_01508	1713942	1716066
MLNEPPPB_01509	1716216	1717410
MLNEPPPB_01510	1717987	1718296
MLNEPPPB_01511	1718307	1718973
MLNEPPPB_01512	1718975	1719620
MLNEPPPB_01513	1719616	1719922
MLNEPPPB_01514	1719946	1720783
MLNEPPPB_01515	1720796	1721078
MLNEPPPB_01516	1721113	1721485
MLNEPPPB_01517	1721485	1722295
MLNEPPPB_01518	1722300	1722720
MLNEPPPB_01519	1722719	1722953
MLNEPPPB_01520	1722958	1723225
MLNEPPPB_01521	1723320	1723689
MLNEPPPB_01522	1723688	1724123
MLNEPPPB_01523	1724125	1724671
MLNEPPPB_01524	1724673	1724859
MLNEPPPB_01525	1724921	1725320
MLNEPPPB_01526	1725335	1725872
MLNEPPPB_01527	1725871	1726243
MLNEPPPB_01528	1726272	1726965
MLNEPPPB_01529	1726964	1727147
MLNEPPPB_01530	1727149	1727629
MLNEPPPB_01531	1727861	1729154
MLNEPPPB_01532	1729150	1729726
MLNEPPPB_01533	1729825	1730806
MLNEPPPB_01534	1730977	1731199
MLNEPPPB_01535	1731242	1731356
MLNEPPPB_01536	1731497	1731872
MLNEPPPB_01537	1731927	1732335
MLNEPPPB_01538	1732486	1733485
MLNEPPPB_01539	1733526	1734108
MLNEPPPB_01540	1734242	1734992
MLNEPPPB_01541	1734979	1735966
MLNEPPPB_01542	1736191	1736635
MLNEPPPB_01543	1736679	1737171
MLNEPPPB_01544	1737348	1738698
MLNEPPPB_01545	1738842	1739022
MLNEPPPB_01546	1739110	1740316
MLNEPPPB_01547	1740471	1741554
MLNEPPPB_01548	1741707	1744509
MLNEPPPB_01549	1744633	1746049
MLNEPPPB_01550	1746123	1747035
MLNEPPPB_01551	1747031	1747967
MLNEPPPB_01552	1747987	1749421
MLNEPPPB_01553	1749410	1750370
MLNEPPPB_01554	1750542	1751436
MLNEPPPB_01555	1751466	1752387
MLNEPPPB_01556	1752412	1753654
MLNEPPPB_01557	1753650	1754205
MLNEPPPB_01558	1754214	1754910
MLNEPPPB_01559	1754906	1755410
MLNEPPPB_01560	1755620	1756322
MLNEPPPB_01561	1756337	1758317
MLNEPPPB_01562	1758313	1759057
MLNEPPPB_01563	1759156	1760218
MLNEPPPB_01564	1760198	1761437
MLNEPPPB_01565	1761652	1761949
MLNEPPPB_01566	1762014	1762971
MLNEPPPB_01567	1762967	1763762
MLNEPPPB_01568	1763898	1764192
MLNEPPPB_01569	1764536	1765469
MLNEPPPB_01570	1765602	1766886
MLNEPPPB_01571	1766978	1768496
MLNEPPPB_01572	1768758	1769397
MLNEPPPB_01573	1769389	1769872
MLNEPPPB_01574	1770148	1770556
MLNEPPPB_01575	1770699	1770966
MLNEPPPB_01576	1771207	1771972
MLNEPPPB_01577	1772082	1772268
MLNEPPPB_01578	1772581	1773766
MLNEPPPB_01579	1773812	1774283
MLNEPPPB_01580	1774601	1774931
MLNEPPPB_01581	1775064	1776474
MLNEPPPB_01582	1776714	1777962
MLNEPPPB_01583	1778108	1778888
MLNEPPPB_01584	1778925	1779126
MLNEPPPB_01585	1779290	1780163
MLNEPPPB_01586	1780159	1781359
MLNEPPPB_01587	1781455	1782799
MLNEPPPB_01588	1782810	1783662
MLNEPPPB_01589	1783648	1784023
MLNEPPPB_01590	1784085	1786167
MLNEPPPB_01591	1786250	1786985
MLNEPPPB_01592	1787084	1788278
MLNEPPPB_01593	1788436	1789930
MLNEPPPB_01594	1790062	1790353
MLNEPPPB_01595	1790457	1791798
MLNEPPPB_01596	1791903	1794198
MLNEPPPB_01597	1794238	1795906
MLNEPPPB_01598	1796041	1797094
MLNEPPPB_01599	1797146	1798187
MLNEPPPB_01600	1798328	1799159
MLNEPPPB_01601	1799163	1799703
MLNEPPPB_01602	1799859	1801098
MLNEPPPB_01603	1801200	1801788
MLNEPPPB_01604	1801788	1805424
MLNEPPPB_01605	1805476	1806061
MLNEPPPB_01606	1806302	1807583
MLNEPPPB_01607	1807736	1808462
MLNEPPPB_01608	1808563	1809082
MLNEPPPB_01609	1809139	1810120
MLNEPPPB_01611	1810236	1811196
MLNEPPPB_01612	1811300	1811699
MLNEPPPB_01613	1811728	1813261
MLNEPPPB_01614	1813361	1813841
MLNEPPPB_01615	1813956	1814634
MLNEPPPB_01616	1814829	1815591
MLNEPPPB_01617	1815739	1816687
MLNEPPPB_01618	1816779	1817004
MLNEPPPB_01619	1817057	1818380
MLNEPPPB_01620	1818429	1819479
MLNEPPPB_01621	1819560	1820643
MLNEPPPB_01622	1820798	1821068
MLNEPPPB_01623	1821102	1821366
MLNEPPPB_01624	1821420	1822452
MLNEPPPB_01625	1822457	1823495
MLNEPPPB_01626	1823660	1824935
MLNEPPPB_01627	1824997	1825996
MLNEPPPB_01628	1825871	1826234
MLNEPPPB_01629	1826233	1826812
MLNEPPPB_01630	1827257	1827875
MLNEPPPB_01631	1827993	1830522
MLNEPPPB_01632	1830591	1831662
MLNEPPPB_01633	1831720	1832725
MLNEPPPB_01634	1832782	1833832
MLNEPPPB_01635	1833847	1834693
MLNEPPPB_01636	1834835	1835768
MLNEPPPB_01637	1835893	1836733
MLNEPPPB_01638	1836858	1837794
MLNEPPPB_01639	1838079	1839600
MLNEPPPB_01640	1839690	1840485
MLNEPPPB_01641	1840634	1840898
MLNEPPPB_01642	1841128	1843048
MLNEPPPB_01643	1843044	1843923
MLNEPPPB_01644	1844308	1845571
MLNEPPPB_01645	1845567	1846839
MLNEPPPB_01646	1846926	1847811
MLNEPPPB_01647	1847923	1848940
MLNEPPPB_01648	1848962	1850081
MLNEPPPB_01649	1850094	1850925
MLNEPPPB_01650	1850926	1851934
MLNEPPPB_01651	1851937	1852387
MLNEPPPB_01652	1852383	1853694
MLNEPPPB_01653	1853696	1854875
MLNEPPPB_01654	1854973	1856347
MLNEPPPB_01655	1856452	1858171
MLNEPPPB_01656	1858263	1859232
MLNEPPPB_01657	1859279	1859882
MLNEPPPB_01658	1860044	1860968
MLNEPPPB_01659	1861151	1861868
MLNEPPPB_01660	1861864	1862704
MLNEPPPB_01661	1862883	1863492
MLNEPPPB_01662	1863458	1863854
MLNEPPPB_01663	1863898	1864831
MLNEPPPB_01664	1864827	1865595
MLNEPPPB_01665	1865686	1866544
MLNEPPPB_01666	1866706	1867723
MLNEPPPB_01667	1867892	1869119
MLNEPPPB_01668	1869228	1870815
MLNEPPPB_01669	1870814	1871711
MLNEPPPB_01670	1871901	1872291
MLNEPPPB_01671	1872287	1873181
MLNEPPPB_01672	1873177	1873894
MLNEPPPB_01673	1873989	1874949
MLNEPPPB_01674	1874968	1875757
MLNEPPPB_01675	1875753	1876674
MLNEPPPB_01676	1876842	1878237
MLNEPPPB_01677	1878237	1879560
MLNEPPPB_01678	1879584	1880442
MLNEPPPB_01679	1880454	1880718
MLNEPPPB_01680	1880858	1881314
MLNEPPPB_01681	1881490	1883407
MLNEPPPB_01682	1883439	1884015
MLNEPPPB_01683	1884068	1885154
MLNEPPPB_01684	1885231	1886494
MLNEPPPB_01685	1886567	1888529
MLNEPPPB_01686	1888537	1889020
MLNEPPPB_01687	1889016	1890024
MLNEPPPB_01688	1890094	1890565
MLNEPPPB_01689	1890561	1891626
MLNEPPPB_01690	1891606	1891942
